i	200000	0	641375,601585,536337,529103,537549,525819,558790,560827,603247,547557,527545,546252,528013,518527,523312,545392,536106,518238,530808,527374,522229,527307,534359,565353,532121,541164,568978,571937,527156,543975,525611,526708,566376,561012,531767,532107,540809,565508,554519,530816,526611,538893,519557
i	200000	1	640227,656467,623833,595542,586216,578946,668587,525791,571708,521766,534352,559073,571489,569355,542095,536901,530541,581211,539321,566867,546699,547750,534773,536897,535768,533629,559484,549725,550831,572026,567403,549970,543874,615591,621106,608282,630174,641394,546691,538768,546158,524976,550277,558698,524582,527567,539370,531085,526500
i	200000	2	792751,798357,521894,520705,524558,563329,525420,554802,527806,535986,534075,556139,548163,559392,525385,557423,536199,538075,532776,544846,544433,544416,548378,527639,570248,525941,531576,532634,534163,546712,568775,598977,523686,529303,534982,524023,584624
i	200000	3	599196,595940,533168,524014,560621,591580,549618,531644,715760,707217,735505,640746,640334,557463,730372,539947,534430,533555,543210,533942,550495,575652,559740,590792,607106,543330,538247,559926,527988,548320,580194,529551,607800,620841,530505,526889,528298,534105,525889,526585,531024,539178,540464
i	200000	4	568666,676465,663377,523116,527556,562520,549840,527153,541311,537753,523289,525374,527911,559839,529232,528755,525356,528778,547492,555048,527641,543525,526058,525425,542120,539433,549528,559860,526094,558010,523422,541591,530304,523343,529588,523654,545958,602828,723238,528805,531812
i	200000	5	816672,807096,754219,578548,552741,536773,593202,576143,534630,540071,539719,568425,578297,596313,534546,541040,592727,540640,533210,528362,546856,543497,602710,524490,528140,567633,543798,519806,533754,528049,538570,541786,703840,804213,737022,545419,606409,564927,548298,522005,545674,534011,563018,542513,532084,522814,544106,551566
i	200000	6	645926,672513,651516,643952,648705,648209,530366,566114,521322,539737,530087,523572,562120,536469,544050,561176,522422,527179,524892,527343,580417,573778,552912,529435,530185,557288,577986,580346,535452,539244,552638,528499,523334,532670,554164,552170,528860,541903,582366,523356,529695,519460,523600,524428
i	200000	7	863520,882051,883819,864070,583861,523434,627686,685935,651135,560596,543952,569642,526857,542363,532088,525431,527434,527518,540319,529065,534012,531310,536001,583256,534917,541789,547912,526019,531344,535999,616287,519547,528494,523094,526493,548659,566892,533618,579175,520341,524256,524363,522944,522568,521396,523650
i	200000	8	786861,818360,808119,773880,644041,548260,550741,570274,526558,535876,568103,543798,538742,544276,524943,567394,532670,567815,568549,522745,554802,527828,642507,672917,683997,611935,606250,593495,543058,536711,551347,558942,541387,527996,530828,538836,527204,551066,562576,530912,532037,523541,519433,525527,538666,519454,550937,540999,528969
i	200000	9	914279,970001,539247,616945,626761,591008,549755,657897,577563,543802,529291,541690,531931,536571,535262,522307,538627,560950,533113,546177,532007,535150,579462,530542,523913,538686,569611,542352,538123,524403,521638,530367,527829,545635,536149,533788,543471,529903,527875,523392,524674
i	400000	0	663457,671530,659307,646547,612710,679405,681737,588272,618856,568218,568877,540159,542261,553068,554327,531116,560649,556009,538633,659398,688424,686493,576814,639614,611608,597722,529621,541588,531665,566082,569044,548851,554641,531208,531752,551179,566071,526355,525823,561423,560781,584848,578608,523233,539692,560739,520310,523609,532681,519158,523728,543154,570215,667582,576141,615754,530736,522928
i	400000	1	630497,684506,687679,611563,555904,602322,600754,530981,523816,531069,671055,633143,542280,534733,548727,533416,518766,528429,541533,536032,546158,534094,520781,522806,523630,525580,532573,534927,540897,553648,524129,538616,541936,530402,522069,527858,526747,548540,521462,568242,531823,561159,549877,539474,522742,526295,522915,523857
i	400000	2	766495,793984,550428,560160,531165,565154,539892,529123,533105,542111,543913,542435,524062,661070,628915,564416,521341,527520,587935,604637,530490,662847,690603,669529,695598,538652,572386,665594,765294,747297,603083,582674,531387,535895,531332,525959,534485,528084,527468,534488,551914,559532,530324,534478,529732,559733,531624,538081,529573
i	400000	3	732547,747811,722344,524650,548702,535077,546290,553558,530742,545723,530054,586461,528523,563411,531845,526573,527649,528757,523254,523309,538550,570517,538724,586685,559424,519414,526739,530578,530734,534373,531436,528034,519302,679936,528329,535600,730381,655329,611098,600789,596641,526738,532480,527749,560385,582570,544771,563774,531311,540548,523167,555166
i	400000	4	620272,686746,669455,595188,626045,704172,683659,714915,572593,571478,526505,588337,703380,524206,537220,559804,524190,522898,540569,591774,565727,529865,638928,677663,583252,532546,749228,712974,531081,540757,524652,570348,543161,628730,546949,537970,543702,555134,542754,575039,522367,545288,584938,553011,534832,588489,544003,531405,521876
i	400000	5	699290,712697,523584,535648,542286,566606,586752,599336,528793,579832,570581,532881,520863,532060,538654,540640,531369,551848,552381,556454,523469,536770,638547,660874,658560,594378,529357,674927,673494,615881,542054,539493,535601,561093,522964,527421,542402,523635,532903,548282,550375,539265,521332,523176,551147,562022,526654,524191,523688
i	400000	6	568353,630281,625637,543432,538086,548781,563565,571126,565742,534416,546393,545111,544305,526276,543683,539276,522522,521976,576592,523161,534594,569000,603022,532079,528613,556097,525949,544161,547325,554859,614736,580543,539046,531410,549703,543127,529687,561142,584569,551478,536531,533192,559395,593259,602798,543660,528906,549559,530399
i	400000	7	753643,757569,805669,809402,615115,613194,590778,590101,624199,620515,644252,563390,721630,539982,527068,543087,539278,531329,523294,545497,541053,588021,551425,538307,582256,540733,523378,543646,534647,598598,631786,703783,651494,583955,528412,527010,543331,542329,523474,543192,537974,523563,521299,535460,525610
i	400000	8	790846,786896,548636,569462,567997,549183,551614,527664,583829,612601,526868,526840,539373,530914,557649,554941,522303,588220,536008,555912,530875,563913,538102,538667,523108,532899,551322,531419,549307,578758,541058,560110,542045,522234,522815,553911,551945,555249,542555,541178,561137,534434
i	400000	9	651285,732596,756287,726342,533615,560313,558262,563738,529943,571465,583557,542922,570668,583949,577146,531349,764138,763850,547601,531927,585249,539557,559245,544275,561001,546546,557968,570227,573768,530516,527009,564266,546512,523161,535442,578230,557715,531979,531320,536703,531445,537311,550788,539427,683647,644730,558579,530037,627654,653442,625754,541062
i	600000	0	829483,847259,790909,590630,543738,535492,698383,697669,572167,745870,751901,746675,572576,651612,610692,578299,580152,549324,527472,539931,570241,523494,550966,523758,526190,530656,546600,534777,587248,555237,530616,537884,554727,570191,540462,568654,526861,533928,532383,549551,575063,579920,535764,596326,622908,528828,544608,558974,534776,603703,527611,520304,523270
i	600000	1	623114,697051,684377,690945,661847,629601,681311,711632,559946,647897,675832,588428,551338,551614,578507,528136,526457,523793,534517,560083,550912,545467,536530,574420,541183,530069,590925,617590,614270,586136,573608,572293,543447,570980,610097,604632,541576,560260,551599,567157,531079,542061,550654,534404,539178,547020,543000,550959,532270,551232,536053,522855,517779,614054,526688,547352
i	600000	2	894085,890400,919889,876185,643733,605569,545273,603662,544292,646636,523226,528078,568642,588698,537934,745737,785106,772905,767358,562699,607921,575803,543923,522874,572108,553256,535452,627741,571547,532578,564051,559739,567140,556853,561797,523481,561724,528505,542988,529923,542618,542915,527483,523407,522804,523119,519196
i	600000	3	728029,751702,710448,684481,600814,622295,551641,550535,543959,529907,539152,545732,523500,545675,563370,531252,728814,773533,757117,632121,654959,583337,554859,590698,585282,550540,534945,534560,536552,532970,550428,600126,534892,528219,523733,534830,727841,658765,694897,531838,724649,724067,701807,773882,555139,583939,549900,530895,562831,531803,552691,530331,523412
i	600000	4	739357,764022,745554,758972,646182,644051,634448,640637,568101,585444,606102,551663,527471,586105,565886,551135,548038,575504,610543,660380,577113,677557,544899,670953,712738,690321,662672,533465,558392,590142,599645,620137,525278,587094,578602,531458,522976,537063,579126,546289,579067,556816,659904,642793,530058,543907,532132,600391,599901,546772,521043,558483,518920,532038,535830,522129,530423,534362,530537
i	600000	5	800240,840129,836617,691653,750378,717897,644145,647010,618382,653095,720266,669227,585865,534933,582753,544505,539108,586990,619010,551028,526822,534224,525398,646783,636106,546082,548037,666423,664411,631149,520182,598732,621176,600109,539413,608472,636290,542817,622547,587652,535876,613466,582156,535623,541440,533115,535584,523444,527202,534409,571969,526500
i	600000	6	855929,846187,903229,654770,762841,794850,613778,698642,603849,555369,562042,530140,553195,547344,573748,596873,532635,575399,582868,614241,523345,543835,542923,527511,638145,567338,586612,570289,540825,571950,572970,536280,526990,528788,531336,546087,587700,599653,535915,520136,561792,531753,563265,532612,622024,624918,598006,591031,527969,538688,525740,541016,524149,528531
i	600000	7	799720,826063,772254,597532,570902,594922,566411,525816,544314,582410,559681,533839,523953,526966,573204,543590,534989,532826,561212,610742,564443,536420,540672,528736,536379,550019,542931,543478,540517,542011,531367,562033,535322,541169,527874,531850,576868,528876,523555,527233,533056,541315,526409,539552,531794,571107,541476,608429,524518
i	600000	8	714998,739959,712744,635441,645451,701401,720064,562244,608179,627322,531704,527301,604567,627231,641125,559372,536291,600622,596647,579272,528444,531083,564850,539779,554115,539731,588724,606056,587302,538466,549169,549640,579602,663349,770071,768113,734962,530596,565007,584129,645415,580155,564105,558087,580606,555572,579431,542966,528001,524999,529905,589824,566525,571812,523264,572544
i	600000	9	768307,789535,772138,735776,648420,652245,682537,701632,701544,727743,760484,567906,598600,628999,555528,560034,623050,662491,680463,588579,591157,569132,630148,620406,630961,536320,543772,532862,553043,556332,541444,538930,626984,620023,622228,529318,590044,593559,547182,534071,606559,624770,628100,536101,612254,569383,521667,564325,726065,523847,539948,527737,543361,522492,530893,554744,522458,543766,547203,551129,583568,535877
i	800000	0	778770,783686,807334,663571,690365,694873,763603,573447,602112,602936,577547,558488,590861,551532,579662,529165,549891,545851,543614,525637,572839,541578,543003,557038,533950,536776,537775,608215,539866,566568,575676,528157,634303,637862,579103,532749,524068,530326,548319,539921,570398,583261,542623,551633,535317,566061,539154,526828,543415,558469,538116,539055,527625,536600,527670,558560
i	800000	1	843392,841073,875053,550774,548912,548421,524660,548602,557672,528559,529252,528302,540076,529680,526905,531094,600113,576881,525508,538891,539532,538407,526563,582606,529280,537095,556749,575955,539655,518707,543642,541914,522837,563020,534328,532571,567826,562272,539279,566666,585942,592310,528791,543964,577897,523982,524929,525313,560295,533099,552934
i	800000	2	839655,845889,856251,877234,930030,721373,799354,522734,526078,658939,559759,577540,558497,530194,559958,581925,590420,539116,639640,655769,681746,658676,529745,619670,638416,604248,584436,531693,663833,682204,693503,567640,540063,548234,556055,528555,584215,617504,537180,545291,550303,544075,543083,529600,548293,568545,530104,542977,542464,530605,522890,522756,566360
i	800000	3	705846,865986,873947,859121,786388,550180,628780,647688,652372,522661,538975,565063,527696,569487,560534,545932,565702,546851,551929,539779,550481,542948,630999,531668,586888,601623,587005,602383,611409,538849,549471,545240,651386,678177,530031,552855,540682,540160,528106,533924,547621,543948,528670,559282,523375,552705,559395,553628,529746
i	800000	4	946145,1015175,939849,929193,558019,555229,531567,584427,558398,538404,560444,610182,718505,725105,689930,553632,578347,547799,539463,567700,537931,544976,531843,528364,528052,543272,544403,532780,542505,546394,538817,533297,541580,530800,550141,544825,544245,528480,534025,547363,551971,556999,556789,520405,572188,545813,546772,548536,559030,552673,563149,555264,527192,540754,539119,541189,555870,683831,638357,687924,561729,580247
i	800000	5	832053,843195,773970,584956,595525,535396,614366,678417,646113,676763,547240,641067,651906,594543,529595,614168,662564,681589,581345,524551,534766,716308,686370,619478,611963,555598,537400,550180,557415,532680,569409,559391,589304,535565,571832,553657,538195,562109,584657,569098,574560,534508,583772,579621,533126,526856,547892,529617,523586,530098,531999,530577,540954,533342
i	800000	6	729811,745718,690366,533432,519097,531634,531675,536271,591294,647502,532608,527910,535311,547643,543457,557915,534675,559203,549590,551453,576751,541759,538453,531910,541577,547097,539779,573445,530774,544789,571072,542647,546472,531425,521291,526328,528587,548571,527520,527160,531590
i	800000	7	717294,777856,687042,692078,578143,664742,642709,537939,640510,550097,528552,530185,519098,534689,526716,552574,550902,547438,522851,551512,549451,595229,618038,538798,538826,518379,528960,588108,527786,535091,560305,534229,525477,531914,536850,551673,538849,524754,526018,524026,572218,518940,539130,542360,560935,527886
i	800000	8	726869,724030,735481,733511,687259,728433,668463,798975,807058,532049,628532,645044,588073,617898,604201,619552,806624,809226,606817,536070,594472,648076,532983,527914,588409,581870,532831,547588,544221,538263,564410,543273,570280,538198,536715,533222,592608,608124,538785,536275,529249,547052,529322,529913,533641,527329,543889,548345,519145,530686,529792,532753,530702,544888,535787,536041,519024,519341,523148
i	800000	9	644300,780156,759250,768920,521881,638987,640882,591586,532296,606405,595088,586242,621612,526874,602068,649423,703603,695824,550354,582515,531931,535494,527120,521793,536960,535203,521274,562947,544929,527446,526951,534007,539296,557677,541237,566897,553090,576659,550055,541886,530874,550012,538764,551171,552561,540680,530712,526454,570678,525976
i	1000000	0	664847,693198,638341,706559,547351,694889,770865,798530,824311,730994,523186,552465,536347,527975,518892,555492,526921,541323,531112,534829,534808,549837,546719,528442,600598,523142,524200,531283,528586,522735,531112,518355,547544,539195,527258,544188,536138,528076,538921,518385,526049,543552,534994,538573,519143,575417,535661,570726,533196,530023,542776,533506,534210,549126,524355
i	1000000	1	768907,789519,823370,842915,591884,544274,523764,530278,547019,522213,559715,532321,545704,519586,531816,531533,524265,528363,528861,549062,528279,534379,540764,542877,520175,552566,527101,530494,555047,546282,572700,520732,523749,523079,526828,529953,526019,533060,523644,569150,550439,527970,546175,546613,527590,563413,529921,535620,548874,567633,519906
i	1000000	2	815137,704495,519446,517977,536262,544857,549032,529869,514940,553754,565616,523944,573921,577945,548283,527817,564750,528136,526808,556656,546096,599878,573790,522513,537680,555948,528514,524972,523156,531486,523783,548257,552316,543244,532309,527808,539456,542225,545987,520248,518426,579784,525180,523992,522247,536480
i	1000000	3	607181,633276,641435,585069,563419,537745,532797,581561,559670,526523,568527,592453,582561,563709,558604,564250,583676,526539,529863,551585,565077,541797,559598,573212,547414,527205,536578,528176,623423,562032,525916,559409,534415,669814,689608,742393,547743,554820,528297,523092,536458,527036,546857,559811,555551,534122,571055,524532,533600,523564
i	1000000	4	681056,729532,740543,640017,789175,601649,628751,673999,635565,615447,531620,616125,612146,568472,547688,571427,708503,656573,768408,530523,605388,631441,528280,576793,576881,672147,636118,605602,662613,689278,713202,536298,526945,533190,544120,521378,522440,554510,837401,663251,649829,711218,826766,539256,531486,524425,537081,528908,536691
i	1000000	5	741919,698598,719913,754520,546522,544023,527174,527901,560709,529929,526228,544759,541967,522862,520851,534529,534981,542926,535530,525877,536102,545292,533261,523995,569549,554729,560925,567372,564514,560342,577417,577210,565975,556013,516447,528322,530815,524643,551366,574816,532199,526638,574855,588692,527406,566435,560886,533879,530592,525694,538759,523905,523371,527537,527746,588175,525408,526083,532588,524691
i	1000000	6	765029,812987,749642,688049,561381,580163,559917,536174,557128,560991,538996,534037,545637,545767,550188,568589,526572,527346,543405,553197,531515,531286,552363,576290,703898,624814,637029,582734,522394,610956,587131,548246,551917,546282,619397,539158,573366,602538,616225,541070,526085,529049,535052,537993,535678,577176,528106,518949,518681,523376,539047
i	1000000	7	679451,694728,757970,518355,576401,560181,534348,571356,631114,652301,524836,524209,747575,652802,786995,565173,578765,523173,528559,535747,542399,537559,562643,600502,600251,532447,526253,567588,563150,540173,522731,700683,640091,635759,527701,711256,675348,534349,646380,538057,595052,593277,548900,542436,527673,535987,532699,519367,523950
i	1000000	8	729164,699142,720079,667361,534889,532739,531398,531936,570683,590259,522572,527661,524676,555020,545087,527337,529680,552861,556205,524030,523924,534446,547107,519557,532254,533796,520367,533504,525367,523398,534894,535832,540131,525955,560403,626602,563386,563581,521288,524311,624719,653599,681852,663897,561136,521630,523229,548217,564491,531551,533352,521251,528751,519548,527102
i	1000000	9	738546,762873,783517,765497,747768,644826,705696,716547,524007,522451,532498,543037,523236,529044,537024,531437,518333,549341,542469,548018,558745,561743,567880,542506,535160,547975,558747,570778,559819,558052,524589,541167,549995,606844,552974,541917,546672,526559,548262,534736,595986,535850,530080,522671,529444,524390,547341,539837,530972,540080,558550,524805,524069,531656,534220,519129,526802,521574
i	1200000	0	740208,818662,521941,528601,526547,534395,536274,547179,619331,599000,592055,539756,552378,574695,526638,520494,522801,543441,541063,531076,586847,615863,567118,542232,540063,587903,553903,528737,556566,563880,544179,633406,615480,535142,574183,550646,557975,535167,539560,564765,538350,535995,526838,552739,535839,551125,536351,525746,523404
i	1200000	1	731059,778494,766119,772563,732503,540887,543520,551643,526959,548203,532075,543363,544916,531582,544327,556679,600575,609731,539795,612201,558363,539420,547908,543741,531237,526396,540863,522315,526677,535276,532495,522821,529718,543639,545351,524927,527878,523476,525426,524557,524039,523829,523716,524111
i	1200000	2	614649,652050,655029,524318,522290,536826,581953,580397,547693,579832,556234,551477,541091,520487,526769,524247,527931,552308,523586,535214,566228,546051,533384,551470,538788,527160,534700,541948,522917,547823,551875,527808,543282,526043,522659,519892,533320,527235,540664,520281,521639,528855,524103,518109,525431
i	1200000	3	600379,609949,630215,565784,527854,606441,525399,619424,518196,547574,567244,575772,547330,569203,656237,697146,680207,541656,557340,524044,550022,585703,524370,530617,561208,541477,535072,571189,597717,526485,532846,571785,530512,520979,527101,557688,524898,539506,551284,524605,524120,560157,531384,561399,530684,523794,556200,562983,566179,523864,526774,531060
i	1200000	4	787401,736621,840366,775182,665989,593891,525900,525194,537822,530603,653033,678992,642953,582907,578000,531208,523570,528079,678927,705530,703940,532435,572488,587048,525996,614634,610772,535345,516698,555664,528251,544485,524180,523765,533150,538453,527751,527402,540627,538419,547255,531869,554144,518568,535695,530298,544387,548409,537347
i	1200000	5	836930,846891,779300,642261,610719,589430,571725,532493,545626,570095,521910,525562,601316,595490,555198,550599,523693,548052,535169,549359,541160,569269,562241,533102,528954,542228,551044,539886,555649,539460,579705,550437,532876,520133,528882,569367,557576,564341,552747,538184,532685,543264,577364,562116,584968,529911,572609,575338,561823,528953,561872,532666,539431,527104,583534,560898,529611,521613,521006,522677
i	1200000	6	706989,731654,729594,527016,524680,523898,529201,559434,538614,533668,536489,518556,531929,545462,541382,546463,523414,532267,520043,524790,524993,539596,560443,550594,534405,547067,519874,550966,569334,540975,537159,521796,531426,548449,530733,530778,527281,529856,527944,570026,532613,555554,524026,534813
i	1200000	7	704664,791352,797381,718668,519103,540226,530119,616505,521255,521039,523429,519281,529281,559659,535713,531164,546550,523453,542411,539567,562879,523809,535657,527236,526379,545528,530255,526454,557775,541188,522610,531789,539359,522929,553271,541822,522016,557050,571041,566863,527225,559349,549710,523823,562884,523094,518444,530980,535152
i	1200000	8	851464,803886,835415,759846,580997,590877,590396,559360,701386,682712,651592,639677,523682,583710,586096,556488,560185,527174,559561,555565,540881,524069,530105,523706,530493,541939,526161,524456,543453,549515,527317,621872,547886,525799,534514,576280,542400,555473,558350,546022,532724,538864,523893,557056,550480,553328,599045,552172,525807,518687,541972,528335,561566,525394,550493,529285,523686
i	1200000	9	662660,720173,526579,534772,643162,678954,527357,542994,531430,627090,633096,555599,545495,562559,554468,539889,539892,596049,547153,536593,528388,582347,587268,546544,533433,528600,540007,553312,526578,543674,556032,547234,539332,526904,530459,539238,547878,523663,525487,528071,548141,553055,548239,522836
i	1400000	0	856431,866168,876849,758688,756105,781782,740984,643324,668283,656832,651554,543926,613852,601436,527441,531015,572821,547161,584624,562810,549037,540278,530845,618604,640792,645039,534914,587495,530622,548385,548015,546774,604178,605286,622490,530237,548927,531322,533542,522033,651929,539778,539463,530262,650988,540311,627569,652082,533991,532969,524094,521299,521573
i	1400000	1	865420,873920,912688,530663,527476,528422,551753,535511,545206,529960,531353,544040,566702,528649,534046,524071,539778,552320,523593,541747,535529,522657,540223,543486,545220,531068,523368,524750,525446,546953,536104,530232,539201,536838,546614,572346,534516,543087,544973,577508,542509,564959,525488,535543,519290,520248,547868,523132,519321,544754,563499,520671
i	1400000	2	621594,681655,689331,564182,579746,609255,524477,542907,522231,561308,587465,665599,656208,560714,561881,539349,555787,572419,521259,539538,535024,581284,583856,532507,590889,626544,537932,584387,590871,532478,569810,551868,531561,526529,563970,540291,544565,536627,553797,619060,542676,535542,557518,539722,525623,523401,532317,539030,556303
i	1400000	3	727445,758808,733165,805659,832338,688042,681317,681827,643050,675729,672457,672562,573956,572644,547410,545742,600870,539740,537354,529220,543328,571325,528298,580365,603751,577218,657933,624785,534758,555768,528049,526975,531406,564198,567788,535039,588217,583661,616090,530952,556078,537566,534180,535042,537273,528441,549148,531033,538959,533185,524346,533756,523605,542941
i	1400000	4	848918,880454,751518,548874,538256,591780,628437,581396,647207,585697,595949,598687,544678,527436,527662,537189,533281,518576,535782,523757,549669,533617,554175,537816,538732,542063,575956,523779,528309,545250,531391,528815,522722,523112,526896,531817,527859,552682,517867,540521,537182,522300,557425
i	1400000	5	740553,751278,756679,775756,659404,658289,574450,537060,555746,538912,544800,565277,623909,586833,589251,528167,544815,556325,544136,522906,538261,522751,528300,527133,579200,588537,528510,527789,542421,539740,532109,541059,572137,571047,521289,526884,526611,534787,540517,529525,522968,526780,517964,543377,526765,523174,522507,524256,526223
i	1400000	6	638546,695067,697215,710112,546325,583286,558078,540018,551587,533835,526888,530781,524230,562070,542433,552918,524297,538660,528684,543456,516194,534977,536690,590794,540894,527810,522012,592746,593192,583829,534427,596053,655289,532289,526810,535364,539925,532672,572102,582757,583019,574161,563824,551747,537205,540140,535372,552335,528915,524324,524330,528007
i	1400000	7	747464,732155,650157,521829,534917,536569,560399,544073,522695,522850,523216,518489,526177,542435,546267,553527,531029,547950,524096,528285,627000,627694,686157,525231,544504,526652,525004,519095,528190,523953,553235,542340,523957,525888,525657,540153,520233,526473,527328,524018,524061,536044,549820,555516,530265,540468,531754,523649,531918,547880,516063,550384,518455
i	1400000	8	737639,763389,787091,787001,709149,587584,567725,538987,537548,531907,555394,570193,527859,559980,567602,597248,546235,544436,529353,534817,571071,540253,535560,524463,555554,518367,527779,521976,524583,536773,551836,528829,520351,535246,544560,549453,599051,575714,533953,547392,560502,604454,583292,551654,551193,527708,557502,549255,547875,525162,526252,518608,547279,556525,527049
i	1400000	9	813723,830629,820810,544517,555145,538093,564135,585845,611288,542421,611004,531528,547259,554840,527424,556854,558667,539314,527483,559568,556676,528004,532899,541905,529336,526478,531421,550813,539384,544238,527659,563407,525729,520400,541894,522405,557213,573050,555787,557721,523157,541742,541794,543583,543873,528222,631239,530523,552419,551872,556712,541497,573021,544458,528428,596128
i	1600000	0	799599,813183,875596,695043,883033,602157,643191,629552,647797,579595,598426,565652,523858,516213,547623,523567,539561,538716,535790,528304,522027,520192,522415,538734,547788,539374,528241,559192,528723,530526,524271,538112,526826,541705,528416,523492,540293,526720,519576,523177,530939,522373,531510,527293,544255,566056,528748,584743,554332,529864,521893,522741,518938,523900
i	1600000	1	781272,765450,804688,703711,815108,716808,806825,764566,523333,546269,532278,576423,530005,563761,581871,554501,521218,569555,559064,536352,537204,615776,625811,526328,645038,584811,543251,539143,546939,543185,581309,550634,525818,561732,534669,559510,560228,564326,536770,573271,603475,611760,534235,546076,534133,532980
i	1600000	2	618229,690829,685513,709284,531152,535362,572384,535454,622780,589098,644310,596090,523063,524500,528178,649462,543252,540246,532279,553499,535234,518141,563317,572958,555238,525751,530502,523686,530598,551389,522522,574738,541376,527329,527545,601365,543328,532792,552283,578668,522774,527059,591194,527334,532288,521699
i	1600000	3	771498,722753,618556,527931,570442,518306,528121,527652,534202,531955,536161,537653,523892,555050,540549,543051,543943,526068,569558,547671,555693,527080,618205,587951,521522,520479,526619,549680,547715,526602,544594,546390,638304,582456,532249,525500,538412,533952,529625,528196,524991,523724,522962,518719,521355
i	1600000	4	764322,794562,688080,574623,574553,526861,538020,524201,527695,575776,593673,597595,588116,540240,591793,538940,551172,551987,550564,536353,536219,528149,544477,537038,532126,535741,533066,537099,546691,528175,544418,536068,547727,531816,557230,538597,549242,590043,592128,610801,592909,681056,710657,722888,626160,561806,530882,535664
i	1600000	5	631926,655796,655795,630969,631445,571138,556381,524245,523679,539319,589505,526896,539240,548612,651550,644119,526608,572426,541499,601386,547864,568283,589278,557921,534367,595332,604408,530764,568134,581669,537244,526237,543682,541760,527913,529484,530637,520636,523015,551263,539860,543985,539267,529954,522829,539942
i	1600000	6	577282,547033,546947,542602,526581,570847,579735,561019,539726,523655,523975,619144,592880,544914,555688,523003,547010,557914,530297,524535,611161,631387,556381,522571,540458,522033,523036,548708,543596,607061,566952,537868,584078,605014,537586,570510,548684,531309,652199,610812,594787,529690,540119,529452,541208,549569,535359,538734,556705,524081,525091
i	1600000	7	627207,725878,700703,733625,564548,616195,616170,672083,636899,527362,529393,600088,566049,605018,574784,538668,724276,712612,729544,548200,575654,532411,529925,608153,575895,585217,576146,567619,582440,524762,526739,534315,543437,519186,566352,564629,531305,535975,565967,526441,522911,524129,531488,532328,524974,528302,526856,538160,548646,531513,546701,543463
i	1600000	8	647771,743235,710304,631248,587243,555881,540625,532182,571719,560757,562234,563888,563243,559793,538484,562462,542126,556601,520444,522489,527446,540125,532803,527487,560195,531316,522825,528380,584812,578102,582869,555267,634698,580892,595646,531789,574810,527049,529438,593325,523708,559425,522286,523490,575969,526767,527774,519060,527981,523311
i	1600000	9	698539,691778,683810,730877,567280,577173,595702,554040,592236,563691,593642,557434,547164,561015,539445,570747,525600,524576,532972,528498,531594,534655,534281,527376,545751,546382,518002,546931,527984,539091,547748,531776,526914,530983,528432,533443,530740,518403,533983,540561,546815,533861,533600,549555,529729,526973,536501,519394,523959,543007,525817,524502
i	1800000	0	648184,695734,712466,680932,570848,562660,560918,550657,529798,567870,570911,579281,522387,564021,527162,560805,580395,547389,548284,547786,535115,543645,536132,535903,567308,541893,542398,538414,547352,556375,530746,529327,518522,534481,542697,539728,531309,538209,601339,581734,524151,537440,521798,526608,551560,523699,570560,552429,530773
i	1800000	1	780038,779245,805270,785633,774694,620109,647636,549606,546023,532385,585635,551875,540267,559061,572704,528457,537906,681086,708785,666738,610070,555238,547405,616889,526094,532228,536421,535099,533072,537064,527776,548179,558788,572195,523656,530844,535311,540680,534504,526938,529181,526155,524043,604439,533418,563649,534448,526004,531298,551999,561398,555995,570362,600182,523137,519547,526911,534955
i	1800000	2	650909,604856,522915,519643,542589,533100,518471,526479,534610,524341,551249,547182,544076,526545,531627,674865,531765,529170,544978,547723,542051,519677,527909,559168,518383,525068,523170,533326,522816,535157,551945,540848,524192,524890,534662,537560,526559,527775,519769,519367,539103,550509,520317,526131
i	1800000	3	612521,674797,634752,606995,604092,624256,634321,574101,572256,558866,523666,547519,545088,579599,535940,544523,558492,565765,575495,569596,592424,540567,531932,630337,621955,555558,525221,548189,543717,536086,550992,532082,559814,542733,548104,544714,531111,576006,674069,648984,530269,527699,544565,615264,541684,514711,528273,522061,544340,527703
i	1800000	4	834764,868915,830795,893014,585779,683984,692956,658961,568919,566875,591012,545166,642920,522540,535326,559955,531209,527202,559529,547707,529118,793994,798193,527872,610492,604497,543810,600989,611157,537926,532442,544272,612894,624650,591279,536963,556638,570465,543167,527990,537468,541981,584500,552314,526882,536436,521657,534495,551508,531563,527435,525002
i	1800000	5	624332,669294,677785,601592,562319,594046,551261,580725,522839,620772,1074635,869473,565967,554451,561540,540652,600165,547540,531426,603302,527494,540749,569214,548180,533154,564178,532003,552274,535769,532901,526171,542731,527157,546785,516491,523031,526914,535285,539015,524449,520835,532449,539460,523065,554625,641974,625407,526073,528231
i	1800000	6	727255,722094,712596,662120,688443,664872,671989,660476,671127,610570,625422,563533,562062,525319,524634,523242,543290,551347,545443,547389,555666,562418,525219,526396,527066,552313,526715,528088,610085,586407,525353,518827,534989,535695,559363,530437,527490,536456,541004,527029,538629,535391,547584,582797,522603,526178,532165,535495,569749
i	1800000	7	655191,652199,550279,609461,676299,543635,590287,589955,585659,737083,740754,758288,751836,594861,628609,613478,575122,646069,655434,554766,575266,546966,529653,532021,555986,533806,528580,533336,530702,540196,559167,543201,555388,547661,535908,539616,545133,527741,535786,553573,565522,531444,526288,521455,576300,524615,531243,525045,521357,528172,530530
i	1800000	8	709047,701274,691007,727460,549705,558367,566859,556328,568071,529786,578778,527828,528135,552121,569665,537697,596429,518324,521606,530697,527949,546630,537485,530510,522551,534070,535064,527862,539987,560091,599434,531730,520415,742294,684376,598279,614481,521810,523471,535445,529011,549073,522796,536136,547499,561080,523411
i	1800000	9	647897,654458,663573,632893,617432,620164,736107,676508,542160,565005,652909,650579,604482,533900,573400,602188,541124,629016,559711,535857,546812,533019,535162,556025,522766,551186,546970,525022,551343,611817,540820,536052,524683,522957,537012,521886,540719,559382,530364,551961,532926,526828,527292,523977,520949,521298,535930,525794,520469
