ii	30	2	0	608468,611673,600315,617810,551578,539200,523404,538314,526550,557812,560090,523195,519934,524932,519559,534395,533701,529241,532683,523632,531520,524482,524388,525002,539716,527080,550685,532155,519981,531294,526392,522451,529811,546474,519659,531867,524641,532650,533743,523514,540304,518934,536827,529801
ii	30	2	1	743132,660294,801700,854532,591813,617104,618424,560019,642654,529645,575603,525958,538117,527829,530214,598032,622724,526677,545257,556259,545063,551894,547465,528849,519701,519535,520329,617690,537786,567142,528204,634128,523886,537190,519953,549527,530889,536682,531755,521486,530934,528476,536351,523760,552627,530318
ii	30	2	2	815916,544265,542460,525646,564129,551860,538171,575253,519750,547601,527475,527417,524847,541067,536317,533328,524550,541216,560860,556201,528209,533974,648678,530761,520863,561739,530788,515249,535994,551160,550006,531767,527485,548072,519019,519524
ii	30	2	3	666859,660144,595648,561250,554641,521718,550084,553754,549194,531021,522692,533102,522061,529444,548529,547025,525128,524056,539507,547614,541995,532193,526005,522575,568264,552347,524410,532339,535517,547385,523793,525320,520075,537636,544849,527467,579101,519112,520462
ii	30	2	4	635634,674271,630151,621124,544183,524039,546280,525214,544130,564467,518692,534885,624884,531346,550176,526180,554556,582693,551884,581965,612065,523256,524112,544180,559589,549303,649046,635361,548368,545829,551779,564068,549198,526460,541454,527327,518806,631592,546682,544047,539335,528457
ii	30	2	5	670277,622631,524816,557329,608583,677720,701504,619666,531329,651730,527723,636276,635470,623538,546665,541895,552626,532026,534895,526800,525235,566668,516858,522206,563644,564230,531882,560042,530189,519589,533952,551243,522257,543488,597267,573173,544088,531661,555069,549458,519711,524072,548267
ii	30	2	6	522740,542406,529431,560512,587839,542857,526424,545628,532492,541167,523815,534251,521006,536540,564544,522508,535519,541955,529701,518779,530866,539406,520368,552360,523761,531368,522791,534646,545811,534352,525312,525819,539593,524184,525459,529874,523745,519111,524145
ii	30	2	7	576970,708033,540749,520678,527366,639659,654798,538931,545263,534749,533713,529660,524984,570316,532107,558508,531102,526315,523346,536003,518058,519406,556479,539442,542925,527714,539274,532093,527046,526896,533105,528463,532193,518758,543450,527733,526615,564756,576553,524108,525549,526224
ii	30	2	8	683560,667338,549978,524409,526852,530425,523153,540208,524748,538020,548288,552233,519012,550886,524505,549237,562537,527646,553004,549983,560769,526246,520401,526415,535714,544861,525335,543205,542243,527415,528206,530884,529059,517632,523780,516442,542235,535012,573115
ii	30	2	9	684182,701269,533941,542300,530490,527685,550335,530048,584825,579806,519254,626659,534996,556055,552444,529828,561281,541414,566057,529922,555591,538837,558682,538410,554020,592731,529600,568068,539812,524218,538494,521596,520807,531986,550738,576092,539758,527146,519681
ii	60	2	0	592786,559445,550316,546731,518452,541304,535311,520405,541355,542235,626295,542871,522830,523615,755629,532770,537579,537542,519892,556065,535263,522174,559509,529596,540176,519621,527474,531764,529620,543557,557268,524701,537106,567648,559053,518943,527309,529611,531495,544554,524582,513980,523473,526891,525359,522485,523268
ii	60	2	1	583734,598239,522185,522254,557717,536111,528818,539516,529884,531837,526255,532883,529411,523954,523369,525758,530676,535183,530879,540386,528025,523878,544987,527113,533302,544752,535900,532687,525900,557435,538069,526511,577569,591652,556573,556601,540375,606731,646375,665661,527822,522149,523101,519039,524646,532925
ii	60	2	2	636320,705804,710582,719711,632764,563461,561217,524001,531939,524743,546902,541637,539865,539081,524604,555360,538558,529531,529574,522956,530631,524194,518357,538946,536406,564162,568420,548666,522898,525920,527986,542330,526904,538459,534584,519742,528423,530238,529653,527984,562585,534570,534430
ii	60	2	3	680941,681693,522141,522661,538090,600705,523934,526576,530616,542458,548936,524352,531499,513712,540490,521431,528707,523338,527589,526251,533101,539110,522714,523514,549081,584920,593100,526796,518960,519375,528772,547231,574998,540201,527885,527127,532223,519605,558001,529344,527340,519297,534445,518940,523532,568526,522408,588368,521533
ii	60	2	4	590426,639933,656299,636215,631736,663568,680080,690350,655578,553907,556058,521420,520304,532360,567654,562177,567565,545026,543704,526689,527791,517873,541027,556008,572149,534983,517355,568697,567678,542029,538464,567605,531560,519945,526504,546595,522355,527452,524979,535121,549537,518700,523253,543353,532047,538574,551287,517733,525742,532476,522117
ii	60	2	5	647736,659877,673345,672482,638488,605327,624109,624376,652278,571677,606803,608751,551572,531762,525833,525320,542285,530442,529583,525222,538577,544783,536009,548927,528480,531871,522154,569740,540941,544683,537552,519461,565074,536363,568178,520968,528024,522722,523204,519316,532466,525182,521791,523677,533584,525967,533804,530505,551776,535496,518687,519200
ii	60	2	6	731544,691241,718652,753650,567718,571153,525832,545077,547604,525751,542109,554835,534640,578888,623885,618912,573033,614864,561226,558223,543979,542686,521958,540488,517987,548308,530809,588637,533072,522408,536296,558435,515607,523477,547159,615141,593182,620712,574265,649585,674201,620627,540782,556442,587101,520061,519600,528639
ii	60	2	7	697133,702048,613624,596441,563250,569768,640757,640916,634943,591055,542438,561066,568640,527068,560012,537322,519321,526106,524289,523497,529545,529702,528763,531571,531467,525824,525729,521207,516707,517920,558238,576928,530627,529726,546317,557867,592115,527033,527198,519801,554760,521792,519265,527860
ii	60	2	8	688014,655955,684120,692603,561647,519126,534285,542551,533902,540870,640082,641266,599156,567710,658904,571273,565121,558513,566118,532238,520162,519018,521357,527783,554536,559763,540030,531282,544546,527632,533243,554444,534214,525050,524157,543573,517789,517691,522768,550798,538831,522922,539928,550219,542817,535217,534783,541345,529960,556387,525420,546516,515149
ii	60	2	9	688946,651219,598907,702331,543642,547376,528678,532790,539839,543258,527952,534396,541207,546235,552659,592641,525012,522749,519230,556489,543657,542241,531109,539210,600109,522932,552519,539917,535878,546023,551370,517486,525722,584159,605524,539411,536474,525818,554035,570454,538001,528429,537562,556921,537568,540396,579157,518329,527310,520682,521151,516035,523042,544283,536695,519767,592693
ii	90	2	0	651689,590899,569336,522926,531697,517302,527982,522588,537288,524213,551382,524090,522922,527496,519777,542474,519471,565172,538567,515632,545673,532833,522910,536219,542621,554996,520940,524037,522767,550489,543027,530888,524205,523251,531544,522357,526969,527888,522125,560258,523329,522735,527193,525030,540463,525841,514469,520308,524915,521781,523742,531081
ii	90	2	1	784663,770487,818744,529084,522899,525690,547203,535331,547433,539328,532056,534868,529589,527842,522412,532693,525591,525262,528042,532647,534992,524946,523784,557215,564107,520223,524141,554665,523656,526375,526451,522977,527019,531791,532388,531152,759770,534213,536214,547049,540559,525849,547478,541056,550142,531630,548827,539509,583257,526094
ii	90	2	2	608165,625529,626137,655178,581855,554483,559254,541016,535478,535885,550419,575883,529666,543350,549341,577926,528322,557827,524744,523668,571320,555021,608032,518701,645645,522543,526679,529296,527284,520658,530083,530094,522276,530308,540416,532241,523154,581158,537809,526797,557179,519345,524557,527335,529221,520407,519376,544447,522176,526360,526654,520366,517464,522643,526954,519665
ii	90	2	3	596807,583584,553614,560118,527491,523955,529535,536427,557521,521883,527068,524366,532441,545867,545220,542014,524032,529927,520855,550082,538897,523967,527405,550546,521541,524172,533013,542555,530587,561163,549276,532441,534593,520325,538822,533986,532924,520432,523782,542233,532481,533275,537050,531440,520132,517431,561249,519365
ii	90	2	4	704518,723286,647496,539671,537170,533772,532876,532308,566214,530145,548117,540624,530508,539046,528319,519692,527516,540230,546495,540808,554666,520099,517824,544527,540421,522673,519670,528109,523003,559677,521658,538213,518689,543683,524005,546791,562511,537595,521149,520801,532793,521476,535927,534239,516930,520507
ii	90	2	5	728087,751455,748311,694753,556717,581510,538492,548393,529139,521488,555262,524580,527320,531239,531270,518470,527732,546274,523652,574847,529090,565969,530065,546055,529042,520314,530633,542238,561924,539858,527813,530324,536922,531577,533264,539203,525147,533316,531327,555575,567151,532145,526485,527403,578265,580147,578981,531615,531010,534849,540294,542857,524584,527537,520790,540604
ii	90	2	6	628112,656969,633957,578599,604676,595972,545439,577574,531508,529593,576524,532705,524329,533841,534752,541614,536185,523271,531040,556645,523240,557074,571731,526867,541504,560521,526245,532572,552306,577501,527132,529987,537918,527555,526469,524959,524371,542022,523067,525690,536383,537820,528204,526373,534685,518255,531769,538023,534811,539796,515836,546535,555970
ii	90	2	7	679466,722612,649104,530622,528765,534068,522842,536746,519196,567946,545496,630934,528302,560762,594729,539250,537608,523188,519693,540769,522663,522451,545485,550312,534819,526885,521818,523692,535152,533595,540135,538930,528997,529941,541603,523072,541186,519412,530480,524285,520554,536063,526710,531826,541110,544906,526411,540804,521420,527589,531998,525599,521369,569475,586116,538392
ii	90	2	8	815585,854497,818799,538327,522671,519023,533073,523891,530623,525846,540282,520138,534627,529171,527111,527974,527558,529005,532294,519801,540089,520251,521129,530260,544204,534916,556454,552383,553646,538583,527349,594724,601671,556028,530549,538682,520088,535827,521625,574781,571504,522265,595469,546153,521054,523127,535785,522352,520684
ii	90	2	9	677240,676262,610283,592067,599267,525312,529478,525721,536926,522618,528740,523255,550519,526951,528675,527827,527334,540635,552698,530256,519904,539202,536055,518636,526045,519945,529721,524830,536725,537087,524482,519162,522433,524812,539574,522397,520663,543551,531572,526069,528390,521968,523974,521077,523738,527663,519737,547266,529026,519287,522694
ii	120	2	0	606371,610529,582198,610285,531670,521781,529805,547980,529418,519174,514205,526425,534805,527081,528360,555791,536707,537344,534362,525303,524589,526750,522070,521950,529627,523479,554544,551780,526488,527633,527126,522400,546366,528301,523926,531449,515807,551616,522101,529265,526665,534621,546197,526874,522321,552610,518486,530865
ii	120	2	1	676356,702265,603146,536031,523275,523369,545369,520110,543510,536719,528118,519966,538206,515159,521797,542408,519254,530026,525929,553164,534109,530516,527059,527256,524561,520204,561556,517786,539391,526770,524826,527304,559058,532875,519650,534991,526981,539262,519783,543359,539822,527942,526376,524798,522327,527404,530179,549648,526612,520827,529716,523467,523166,530711,521234,522356,520212,523774
ii	120	2	2	639906,698563,737725,690984,684319,550087,614496,647416,634001,635962,530276,526564,522300,527568,518541,540681,523788,523199,522873,525526,528030,522495,524392,570710,527978,664229,533108,527923,571897,582410,549714,522533,560190,543743,524932,529612,527173,542140,533568,530890,527935,524760,525031,544461,527662,522473,526573,527469,532890,533486,529547,520748,522244,528183,519003,543973,515294,523642,519042,522777
ii	120	2	3	591565,671312,669970,695221,655606,523883,595317,567336,546918,519849,520073,533403,538824,521844,534815,529863,519454,549870,534460,522494,539177,536274,517917,534465,523670,525015,537347,549433,519968,530262,527412,531458,548381,548532,565938,532713,522210,523077,528025,547681,530249,523602,571015,549396,526245,533431,542211,519345,524104,537414,519660,515153
ii	120	2	4	616644,631453,643218,563647,526436,547110,545997,531804,534043,527114,573751,517922,516344,519986,528499,519646,536338,533164,534038,522490,526637,527032,515493,540679,548186,533932,517170,550280,533673,530931,528309,517860,542514,524981,519184,523545,526445,525504,534355,522754,534582,521239,518386,543034,521678,543591,534949,537253,542839,578085,525052,515085
ii	120	2	5	648151,603380,539293,541992,566983,574925,562064,536885,529381,586971,596332,524891,526345,518007,538431,551953,518468,527360,536129,537716,530133,515139,527121,545117,537306,545439,538943,534905,520217,529612,536717,536032,526365,519790,542142,533007,520015,522544,536660,520418,532031,554130,520736,517328,518299,522968,522187,533103
ii	120	2	6	608243,643432,577793,637471,578344,524302,520495,560604,538442,529153,515986,526744,520538,523364,526200,524862,567684,525277,527525,538540,533072,527943,537068,527450,552530,522851,535138,543524,527819,538218,533299,532128,534690,520130,541490,539458,527761,519152,525761,531703,530568,519964,538521,522607,551501,655963,520084,518867,538447,546572,527745,515586,523873,519538
ii	120	2	7	666305,668388,699680,704660,618808,633021,664639,673338,656090,634953,596793,519796,529448,554999,526480,531833,550120,527753,673405,560131,714966,533030,527737,551484,556052,528135,522249,520481,522532,522849,523692,538067,546154,580368,523632,539509,534479,522919,534313,538840,531151,592278,523562,519562,553534,530155,520949,553180,527746,600136,527712,522485,520784,528346,520526,522733,556846,520611,519342
ii	120	2	8	631508,640660,665101,619499,562040,528632,522773,595550,580463,557112,649652,582981,526458,524723,519836,542102,524260,565059,531914,576569,565458,547266,527287,550556,533949,575218,596058,540764,598379,522700,589285,616533,558166,546889,534942,526871,539189,539018,522173,525710,529300,531829,535385,555789,557814,527409,521175,585896,616816
ii	120	2	9	598053,585101,525634,526164,617294,644170,607367,528987,537058,527712,526580,526460,519002,527527,525693,550415,522391,523760,527862,527829,520622,519264,534623,529286,531468,555342,518390,550142,603299,639799,535095,529477,561755,532188,535637,531024,519663,526436,565413,576883,525944,533070,538804,530992,519225,527207,519068,519601,530648,519157,533132,533511
ii	30	4	0	594856,656617,582895,526157,526577,526144,532064,534046,546558,531529,525032,530472,523233,518764,548529,595874,591796,537979,551092,520592,541847,522530,526756,585734,522121,519269,526930,675403,684028,591849,570513,592879,578335,562486,574776,584010,525062,544616,551133,530965,538274,528874
ii	30	4	1	855480,849956,790251,591378,535299,562212,552025,532244,553727,611357,667636,656133,679201,546348,527035,581990,561581,559645,552550,521022,554009,530106,529443,526370,551499,568229,598232,597443,528680,540742,529766,528554,601134,619334,581349,603080,597015,548939,541375,522467,521560,538289,529675,531234,530716,530097,526882,538221,523462,531172,525811,551663,550119,579660
ii	30	4	2	577056,660837,685567,669245,538610,553501,525799,535876,530619,522189,528075,541222,519043,540917,559154,539293,558988,585020,545274,571716,543196,544577,523732,535199,524701,527905,531117,522734,531843,625849,650170,629789,653910,628278,654411,590011,536646,531185,564334,519309,527935,529805,547287,542178,536205,546850,578826,538625,522537,541338,524371,519632,527926,518313,547445,521635,523742
ii	30	4	3	648448,649285,649604,665594,579395,536887,585528,583782,535018,580319,544629,533229,523579,559702,529295,547843,535842,523037,523699,535582,519624,531629,543197,547548,570823,519009,565084,523780,549700,584180,521996,548322,529820,545407,551951,535070,564317,528151,542490,527374,522166,529736,525364,536568,539361,544403,539274,522632,528890,522980,547552,528025,544061,537991,553694,567612,573604,536470,523497
ii	30	4	4	688134,753235,760379,759868,604956,614899,577179,612743,544014,548244,518376,540432,532422,543262,533935,543337,531088,527610,526444,520632,533816,525663,562608,571602,523023,538948,539405,547778,556317,541959,558701,538302,536381,540126,526879,529949,532504,533121,519546,546126,574739,543121,544652,531696,536720,535831,545162,529900,532057,518315,524579,515744,517776,529733,520116,519568
ii	30	4	5	854488,862979,846117,856894,592004,713510,574857,538755,518033,526125,547272,559089,519081,535860,523643,527997,522340,529235,520260,523314,524667,536673,546564,531873,523560,528140,523221,536280,537605,526870,527295,536087,527080,523119,524571,535084,524645,537225,521694,564362,560805,575034,530665,523278,547130,533555,537880,560203,526223,541618,557236,517365
ii	30	4	6	722978,719691,574396,532944,535733,545932,521579,601897,543939,527511,558218,544147,534771,526012,585741,601383,532789,531896,558742,527975,550836,532407,555258,524388,522961,522940,518478,529016,548252,529137,527924,539121,535550,527077,522978,533864,575998,585881,529268,562672,560089,546821,531473,524918,531006,523271,540424,534425,525904,520773,529088,530485,563652,529169
ii	30	4	7	696021,706181,711733,650403,574112,772458,784658,690252,634682,631258,675438,561169,558669,524026,522940,531101,542128,622849,532209,528402,532740,553267,540154,527880,525793,519065,544899,531461,538674,560467,542357,568267,520866,518006,528665,526622,547631,552907,539967,535132,564274,543106,559774,536970,527406,563477,547941,533777,541112,529937,530945,523848,524360,544387,555116
ii	30	4	8	698179,724274,719375,715153,592316,518923,524235,524305,547799,524813,527959,556759,523198,528682,519201,529896,527807,532489,535168,538974,518756,525921,524588,530378,529587,539187,552090,551990,543963,542342,531010,519418,563145,566116,526637,527534,542969,567781,527512,577634,538945,584729,524576,526679
ii	30	4	9	656801,688091,696634,668716,591202,530926,594517,538216,525302,527045,525164,538232,545191,527641,527664,530831,543993,574518,528651,525928,540166,534340,528892,533811,548064,521284,522911,549935,523333,535436,570050,518361,536482,541106,523921,545140,544885,526120,530610,544421,571086,543111,529119,552186,563414,559051,523707,531548,547723,539728,530769,527899,521850
ii	60	4	0	665463,566622,525613,532350,540023,568265,561872,537232,522424,518940,527282,529518,522539,526631,523585,548314,547739,521328,537879,537058,537043,533404,534465,553106,569074,528929,518016,759235,596849,573623,611642,631962,664732,664433,668731,634726,547777,588878,592969,572557,790185,563766,588182,586397,576416,642692,638650,690074,534448,597538,570727,564022,534229,523438,522683,528672,527021,528087,519130,532810,524263,522856,519310
ii	60	4	1	747451,771289,767978,748279,559158,547870,537645,556383,599685,681400,673961,676643,568187,555374,523717,555726,575470,540049,533800,552682,539108,554198,531139,523658,521733,575426,539982,560802,535190,522421,555789,533720,527931,537387,534705,530450,532276,531761,562872,519383,542305,529877,547512,552019,591058,519100,542497,559545,532107,525921,525407,522869,531868,526491,530978,522029,531576,524845
ii	60	4	2	744225,772717,774415,710087,644335,568173,566897,529409,524983,543360,576959,523943,543770,550802,529516,537865,568553,594015,523227,538630,555961,525064,529572,558330,569345,522746,543036,528948,527409,530093,583319,574624,532406,608083,593399,625174,552847,543880,524002,524167,528402,532482,543233,523007,526910,531221,546348,557090,526540,538127,523735,523257,530856,523794,527904,523092,525668,531515,543330,586863
ii	60	4	3	656276,713156,681488,767247,720118,539933,558356,590751,522302,569981,524092,522811,649271,624910,704548,554808,527316,524022,525972,532883,554913,573357,546885,533848,579130,558805,530018,527968,526940,538650,552987,551677,544525,522175,523229,526611,526140,527200,523894,543323,524474,533042,535648,531250,541028,535017,523360,523896,531289,711329,523579,535428
ii	60	4	4	616807,616010,649966,669339,646013,544808,592635,599645,575785,524116,518256,536832,531201,550739,530670,529253,543456,551392,590973,546386,531876,622104,547156,523091,522485,523636,537070,695447,525788,533487,551602,538186,523450,543835,523941,522876,526733,532413,530419,546658,535034,532553,529396,530460,526034,538563,532425,537311,520891,518522,528205,536228
ii	60	4	5	691629,718608,739415,649101,583214,637099,569593,519070,553404,536564,535491,525908,582286,545655,523288,518135,522591,523957,556141,542008,530777,562064,550499,560303,555279,558995,527335,530103,544716,543144,526698,527846,552385,517171,553556,665701,548414,526829,588692,594259,530291,522900,530050,538612,540920,601416,528432,534128,544311,519455,534961,535474,532588,530154
ii	60	4	6	735858,820654,750823,758747,540259,545166,568848,524308,520470,573797,544348,537947,525274,526133,588475,611152,527194,522927,553336,535598,522184,515309,522186,604420,531118,537698,554402,555202,554630,536309,528790,544693,538544,524131,526595,538765,602635,526684,528966,527359,573075,533697,523036,521670,524450,520768,521109,557543,518764
ii	60	4	7	588828,615740,632534,567646,579142,563481,592741,579824,671997,529023,538989,586906,600770,520047,520304,545214,543611,528082,536542,520131,536717,539958,552500,529656,549027,538134,523956,530394,522471,531815,539265,536084,542947,520790,521391,543117,534059,525088,549122,584104,534326,519884,524626,526240,537948,527530,523500,546933,527959,532085,527006,522532,535958,522814,518955
ii	60	4	8	730069,767816,779227,636705,532855,567398,553207,538753,525606,553714,533357,519208,523498,532291,528274,520241,542442,522922,542814,554516,528304,518583,534099,544092,570946,535318,528912,544274,544752,520781,527685,520653,555431,542795,523432,532354,530145,540467,525880,526714,584728,597477,541385,532311,537972,613725,531649,532244,548240,525801,527029,521491,522058,519352,541712
ii	60	4	9	666041,852039,806936,864722,737672,548043,536985,533330,526778,549610,524225,530505,567027,544696,541844,547873,567636,531387,537537,516418,530795,527433,530081,550168,572425,557805,553778,537819,532200,560682,523251,524112,518824,527675,569684,577564,586859,539820,542408,527222,543992,546810,539762,524353,527449,524951,533904,531176,535942,541072,537610,561127,530180
ii	90	4	0	623501,661394,645562,654527,654780,615443,634595,659289,559855,526722,545668,557335,590987,562362,529877,519205,552084,519960,545693,540724,547809,528068,541827,523351,523755,560173,528288,524329,524449,525632,527616,549785,526613,531593,547415,541466,546433,518616,519391,528647,542775,540131,525318,552126,535408,559242,635901,639069,679618,652703,628637,655432,675112,524475,520547,521546,524330,523863,536948
ii	90	4	1	707526,725232,728652,680316,581147,522268,525324,524211,558513,528951,533876,531860,522033,526646,620579,636764,643488,522901,552726,522829,522903,536535,555828,546888,530903,535668,551945,532009,533368,522466,523132,542634,567176,530614,527939,524355,539497,545475,553867,523067,523323,522286,553814,518658,528708,533443,523485,519588,521755,526337,522389
ii	90	4	2	643921,725875,711418,705654,675047,575626,600961,544390,533168,539643,544575,586451,564255,551662,529351,537032,548148,525908,531907,535936,518784,534046,516109,520461,534155,559964,521362,519997,530901,525767,542126,538794,522849,522672,550001,536878,573977,522687,527581,526056,527910,523137,527803,528582,523401,525074,533986,521114,552335,551086,609526,543763,538050,530952,547835,519659
ii	90	4	3	740917,720454,648049,702668,615165,593255,529017,530423,527254,566283,531626,535430,526670,523165,538570,523355,527415,551210,529453,667785,658761,580650,534960,563956,692198,737131,722965,588145,554634,556695,630659,575332,530331,532559,557671,538839,557218,535027,515958,527456,544981,543571,526387,546359,608216,576241,613907,556539,551377,547767,540560,518294,523405,518854,523118,530377
ii	90	4	4	851694,876534,876662,786275,645484,660789,580766,552400,561321,528798,566996,546161,527032,551598,529613,538091,556448,523429,522196,549384,514466,536206,518868,532208,539992,526547,520155,527744,551639,541444,527246,523125,534002,564739,531926,530040,553154,524456,542803,535794,546296,533140,826332,552045,556508,555225,554104,557325,523510,523233,523735,519587,547109
ii	90	4	5	681827,678573,684554,716452,519260,517289,522248,591793,523002,557257,537330,568474,564377,546604,582604,551160,516930,529529,524529,523719,521613,530362,535561,548997,555097,572449,583392,529390,548008,527511,518031,539904,522628,526520,531852,531535,521826,519201,537540,523112,524021,530636,520201,534552,538968,531164,592483,527986
ii	90	4	6	879145,847396,931140,799627,723201,552203,583143,578628,607445,537866,652199,679114,569753,560522,620018,594456,670135,523870,542503,522396,548104,542374,541814,540225,538995,551533,522692,535079,518978,525278,543746,528373,526893,532947,566439,521360,560478,580068,519520,535520,553937,521833,551618,598889,558022,527008,540338,529238,560976,562173,532361,528173
ii	90	4	7	707925,703390,662934,744340,749075,722624,576555,603087,533226,565377,579796,590219,538212,527067,519495,519410,519855,544543,567759,575821,599880,573818,524673,542750,540325,640983,536547,524393,586234,531686,523423,543010,530240,517767,532996,525823,534110,547777,535308,528356,523928,530802,540959,549817,554973,542379,554156,533542,526387,527452,529700,519204
ii	90	4	8	651774,682459,682176,575590,581103,546329,530282,523067,537357,622903,576566,519732,576194,602100,538042,569542,547521,523319,523378,520058,546271,546698,530287,527302,518980,524656,549143,560708,534836,526156,533317,534451,539495,521144,537245,529814,528985,521374,528453,532722,546031,526556,545086,539142,544607,522647,542898,553811,549763,577391,550709,573742,541571,531497,522353,552181,580723,526560,524169,519556,530661
ii	90	4	9	651788,696584,699844,615642,715835,571438,564506,557772,572087,530700,542103,518114,521237,534824,544377,530197,522889,541722,546106,521062,526096,529033,527942,542976,554980,539207,525788,527861,554972,578556,530226,562935,523180,531262,568646,532938,523309,530133,540836,523771,542281,549525,530998,526749,530745,549465,529135,541716,536891,580843,583493,610138,577109,598792,608411,612392,531000,559202,519226
ii	120	4	0	607668,716455,744467,676503,650120,539795,539914,559516,563449,638606,535799,600354,533213,575227,582815,531364,566090,532826,543283,528877,546005,540903,528304,555996,532740,529528,543313,555259,526653,528120,530284,537172,550040,558440,526800,530611,531710,521979,530737,521610,526181,595939,525829,550760,530386,519329,541082
ii	120	4	1	796990,811255,741795,561971,584969,532189,519105,539643,538748,561137,555610,531624,524647,522898,546470,540045,567727,565373,546504,530932,527940,529183,539349,539540,523691,520719,528737,543532,522177,521466,548644,544176,519248,530887,527665,659979,616517,546672,734561,541933,551632,523040
ii	120	4	2	729421,720710,723646,543016,551657,569591,670399,690203,651236,602249,688225,627865,608712,755817,526980,529307,540427,530360,524611,635541,651277,656599,518553,572513,580841,518220,531587,540345,538289,535001,530346,527786,520094,527343,532430,542064,538422,541804,555988,532618,550248,589625,536722,522162,520846,534667,523617,519247,538688,536727,551635,523317,542114,536556,520294
ii	120	4	3	639481,627965,648693,622690,532572,556512,578522,627167,533234,518756,537084,521307,533354,525414,523044,524873,535558,521183,521818,532790,520051,527901,538325,523619,520613,539336,524854,518587,528046,522205,550541,527449,559840,562333,542288,527906,566325,558534,575506,526895,542960,558987,536430,530917,515388,536068,523005,562758,543599,527179,519964,536232
ii	120	4	4	741659,771412,706045,694230,570921,553462,545052,530901,523756,531224,523933,533992,538482,526807,532899,523341,532245,527298,536593,524160,531979,526410,536277,550923,552699,534506,523397,533185,533612,545333,526108,528063,551836,528119,529187,523440,535639,528714,529065,537321,542103,526739,528307,533397,524422,524792,529002,531850,545680,547998,537155,547525
ii	120	4	5	730090,737417,719159,538939,525085,553013,575075,591413,587779,538021,519651,538754,544876,528618,520084,532755,531725,526626,530762,532259,529606,540751,526920,578943,575714,604029,526323,524677,571624,662425,662109,590342,530123,560508,605060,523411,522786,526870,543992,557407,527361,523391,528380,541601,533675
ii	120	4	6	674775,682149,635753,531198,531175,543837,548821,542196,527194,551820,536820,516046,518897,531375,526095,528445,548502,570188,532063,525167,535560,531097,536555,550537,551432,533686,522670,555305,532827,543065,536875,523001,546224,556035,529449,535764,553400,542162,529766,555362,526625,569490,526515,537038,527261,518877,543067,514873,518579,523128
ii	120	4	7	684131,696571,703105,688434,667477,596999,599611,627558,596447,542960,530662,526201,533217,540986,529734,559177,537124,637063,519164,598876,600041,638431,661605,521415,658672,663994,651473,658376,522447,686895,696661,731816,694384,567412,581492,521782,523366,552069,521924,525479,529862,541538,524712,542831,549486,551090,552387,533804,539647,523789,547939,540091,519345,518869,521884,516448,522920,528358
ii	120	4	8	736934,749337,713883,774503,629921,569954,598799,591316,563829,536305,605355,730667,685530,539374,540355,529395,545833,526896,529781,541797,520112,532204,524943,543580,526971,526748,520703,556841,568263,553710,535454,531636,546637,553160,532151,540513,534813,526650,527165,518229,587538,548772,532162,523916,557112,527590,533777,555693,519301,518557,535182,594255,523972,523396,527469,524179
ii	120	4	9	701232,742497,767974,719549,670684,604773,610863,611711,576629,541132,525004,534141,528966,524377,523653,533535,551097,551933,526783,520510,533238,523842,527630,531369,540035,522624,572452,557773,523237,647511,680911,705241,531841,550096,553950,528635,567741,552586,567277,636039,547057,519766,522695,532485,561281,541304,538365,523888,535277,528830,532473,524323,518233
ii	200	1	0	595264,621197,608037,539294,532229,525150,557119,577402,526665,528301,535026,521792,520942,520852,526214,528447,531995,537372,532583,523964,542803,531064,534903,540346,563435,556954,529791,539235,538388,530749,542985,532720,519083,563165,551072,538367,534433,519803,536718,520814,522978,527594,539518,516413,568596,540107,518869
ii	200	1	1	603782,538920,522671,519562,523987,528225,531313,602963,611447,541256,585789,535958,534712,536038,535067,534545,522184,524116,543224,523277,527646,524439,525716,533181,519963,532402,518233,534403,521335,527370,537670,516507,534659,539502,533356,539323,524952,530933,524301,521029,523541,529304,524520,687562,527686,517615,526986
ii	200	1	2	755662,744042,531821,523453,536260,547002,556972,527597,550845,544735,536825,519351,520956,522852,520914,536868,525846,537711,520255,538877,538195,584546,549546,519378,530999,560166,533849,539321,538298,515888,538846,532703,545699,521521,516590,528925,531799,522705,533191,522303,519635,518087,528269,527088
ii	200	1	3	625978,610993,624068,519491,543860,524387,521002,532091,542804,520198,612476,567577,523615,525184,526794,534086,540529,532130,545412,518051,524105,527369,527698,542375,544388,534545,560601,527073,544620,523891,534621,526815,531810,522905,543825,524024,601153,520992,535207,527768,530192,518703,519275
ii	200	1	4	692095,762020,546491,523553,540211,522275,531752,564179,536523,523958,549000,533257,526209,522945,538490,537360,519894,532781,528563,527475,534044,531404,523929,523309,533058,520843,524120,561085,520569,522284,522145,527568,522665,525379,520527,579718,542791,529464,519487,531168,533102,523571,522435,528349,523544
ii	200	1	5	704604,730427,701076,650338,653357,546875,533498,524148,520014,526105,531036,523517,536187,539841,526724,519652,531660,526131,519112,523910,531326,517866,543106,568884,531620,533544,527882,525037,527345,523027,542882,558434,525461,556251,584425,522327,524107,522825,524141,522705,560389,535302,527708,535735,531004,537194,542602,531039,536814,515701,529364
ii	200	1	6	560199,585552,522248,524374,523156,521878,599194,531246,553141,570873,519868,524026,547369,518110,622482,634264,656413,633854,572811,592798,537970,551610,540513,523331,535652,523043,538458,571852,531835,518286,523606,517434,533171,524590,534168,529808,520503,519500,529350,516307,519553,536734,534707,539591,518835,519748,534672,573020,526450,560462
ii	200	1	7	581851,594863,602981,516078,523873,530962,540318,549967,579864,545636,518652,533254,534000,523614,579940,550227,527025,610708,601241,603003,572849,534878,583758,623100,582311,594302,519773,526998,534434,521862,535777,566560,545642,519301,536753,519478,522552,514565,519883,519628,522989,526831
ii	200	1	8	722558,724818,726278,525104,523199,528823,527059,537538,540520,540796,522763,525647,530917,521203,554720,538561,563311,532567,548125,518666,528730,587422,523204,526857,523858,547315,518470,519336,522818,517931,523530,524154,523026,530478,527306,531334,527036,534844,518726,532662,587322,577396
ii	200	1	9	618318,535605,541046,520552,530294,538433,532253,531109,518425,551314,527073,532769,523566,534865,528397,530444,523290,519357,526813,569988,523042,587272,543522,526059,520481,528635,531969,516204,520631,531522,519466,557914,526907,550077,519899,528075,518962,527023,523201,538318,567747,519714,523290
ii	100	2	0	627570,585186,571353,579959,586024,524540,527211,532103,543684,531514,518734,525736,538934,541752,527154,524846,531104,554284,533511,541862,523505,535090,519994,548698,555428,522678,532760,589201,597758,523359,516036,557908,566851,550476,622329,558097,551856,524804,522653,518848,544267,546004,555823,541677,529533,617561,531815,546518,524537,571013,600839,526428,549251,580435,527180
ii	100	2	1	748162,788278,849104,721229,521938,518809,521109,561961,517893,538995,519973,525584,526096,534050,539607,541884,625220,526273,564337,532610,538834,522283,532323,523795,522864,518202,569413,524082,525610,541184,571238,541962,518003,559805,535043,530119,532143,525453,517611,544438,530126,562970,527214,535333,532134,565929,519558,538645,526753,523817,520982,520013,516467
ii	100	2	2	655727,702188,644073,566535,524016,541302,537339,518550,520552,527143,532557,568310,558445,579825,566115,574963,567068,592927,527551,547336,528761,530348,539672,556611,763926,807919,660245,623767,586145,522828,534434,522879,527832,542694,538791,544462,522017,522456,520533,536604,536499,539207,528268,543122,522504,530661,544488,570150,581950,528503,516395,517088,519917,526813
ii	100	2	3	697396,720085,717143,746726,547019,543874,542894,530761,538829,540792,532032,525738,519640,548005,547364,521760,531435,523604,530005,533687,545099,528149,534100,522683,534321,527540,536198,558513,535195,558697,563965,525644,540078,533144,526331,532918,524005,523114,518661,522686,534287,591324,552092,527931,524841,524867,559034,523315,522280,520130,534336,535893,559846,530791,523770
ii	100	2	4	532587,521128,572465,588819,587288,690151,631545,536364,535078,557195,519604,526915,540604,548498,523182,569424,548518,556067,527925,544220,539709,524822,534901,519407,547374,531895,529715,539622,685941,718791,539225,523577,524377,541315,523467,535591,544239,519938,531387,557777,524729,548718,545628,523131,526453,544064,571911,530052,559215,533678,523914,532206,536605,526825,528899,573502,576558,539238,522872
ii	100	2	5	762758,729997,683736,740283,580430,617511,531850,521644,530919,519595,528147,553068,562429,597988,610915,543119,539946,519081,524135,523677,560191,531465,521998,547576,531177,635008,620154,532805,537563,536091,547745,536047,533083,571219,558815,523295,531875,518226,525100,540473,533532,531614,535570,533659,522475,520034,518757
ii	100	2	6	644597,731275,553122,531716,524233,531094,544716,525644,552850,522201,561404,532117,526699,537825,521944,524806,524110,537732,602241,524218,543025,548433,524301,521955,518398,535259,595995,580764,558639,520705,535218,547985,527307,526019,524795,522637,528058,580338,594688,519657,535326,541282,525838,527492,535265,529019,523747,568539,560121
ii	100	2	7	623872,620461,646330,573027,536238,540173,539968,555159,554754,535290,531530,526491,526721,520047,522999,520231,555151,581108,536572,539954,530943,524835,528445,540290,564078,527485,521724,544397,545790,569620,519034,536536,537532,569292,535819,538912,531039,518496,543126,532424,524342,524468,520966,523192,545847,527209,520838,529555,527808,542333,648668,628312,531843,547792,537205,522418,521814,522417
ii	100	2	8	690196,702096,649159,564515,528492,558551,528581,528510,526078,522752,541365,565904,547151,531265,529294,538673,544443,529746,540199,528580,554998,541315,568825,524723,531690,524108,527839,521973,535040,531451,549649,583657,543642,523060,530877,538910,536808,521510,540239,531356,541912,545686,548668,560652,588662,532912,541087,627842,520597,519485,518022,538400,560368,525388,530493
ii	100	2	9	686762,680616,705092,704723,637976,665563,693806,595516,624291,614072,549170,571948,630101,643256,602026,538507,527615,527142,541794,549562,519412,548802,556832,526213,527348,518815,518914,519342,521624,535410,530899,562274,541896,570144,529437,543723,525811,537092,539382,545931,528699,523055,538058,532302,543382,523794,523126,552169,519945,526603,582637,523830,523357,523034,516403
ii	67	3	0	669376,633989,661449,534913,591876,546103,528730,537988,532249,540056,530909,525185,547545,553979,538090,591749,520545,531532,529539,529438,526750,546716,522836,532856,519061,533304,538802,551451,517861,528669,517869,536548,530308,552998,545281,531702,522322,525547,543772,547502,527215,526879,610679,618775,549079,537927,518835,539721,520013,520460,520735,523267,529584
ii	67	3	1	648081,641357,587688,540674,529000,577100,545775,521303,523499,536373,550609,550140,569583,542985,576996,523153,543162,564543,521315,523569,527158,544209,555439,524472,528497,589126,525312,523899,519009,527937,541423,523694,635418,572725,580575,722390,566952,587192,528700,550884,565697,539899,523251,526097,548016,530523,541588,548353,533841,556393,521688,530919,521840,522590,519766,519069
ii	67	3	2	592617,545558,528412,523560,537591,557006,528050,525157,519669,526652,519383,518864,525696,521995,534107,554945,518822,529161,518664,516574,524747,532672,523907,549849,543856,546393,534986,525900,526011,532656,541845,541975,531074,518844,547288,566286,530949,530648,523791,526412,545819,539384,519919,527295,525940,526133,527785,521624,554439,550712,518581
ii	67	3	3	632076,622497,644679,632023,550240,531521,515637,524453,553921,534496,526621,524165,552532,585188,522054,539213,559176,558656,533618,526754,530859,518623,545386,542090,531153,541673,541592,523799,524615,526225,540773,548949,548506,539699,529133,553223,531564,523248,540208,576876,548224,545354,575049,523353,535306,527960,515236,521076,588044,809444,620295,545686,707807
ii	67	3	4	629748,631742,585089,523349,515308,532999,531599,532891,525138,526159,549262,528759,526000,526534,543722,553660,532276,545809,565710,528906,523824,534418,522196,584159,625881,615440,525047,520143,525720,548683,552869,546326,525591,526412,539661,551584,528358,529054,529719,530502,518864,565327,518267,527440,532266,535679,523273,549807
ii	67	3	5	550950,564796,515113,547715,557020,520631,526100,534351,521742,523600,525160,524817,535602,537677,534701,532545,559679,538954,524252,532807,534348,674554,530768,529094,550021,526270,530365,573430,558694,562754,537063,538421,539193,518480,540234,558519,545526,518772,532302,547910,532031,549926,538743,524850,540025,524923,518710,526643,543751,519792,540151
ii	67	3	6	628364,651162,695723,650760,604932,634550,633649,568329,519228,518191,591128,536501,548027,559626,525959,557084,535992,520999,523619,519291,559963,523265,522712,544264,526414,542606,565128,531687,559823,542983,525659,522584,527368,525691,541925,525891,522646,525062,521037,523562,547829,521828,552115,521763,528065,534039,542797,515825,527946,518936,542928,519231,525430,527264
ii	67	3	7	560937,553509,520071,523658,539554,525884,551175,530651,524143,556799,540730,532608,555986,534588,553819,518316,518053,547327,535328,538309,520257,529716,529551,531138,548584,527394,522072,531820,548509,524389,543887,535340,534512,531338,527887,543693,546820,526130,528254,528830,525503,527356,543590,524657,548384,531405,562530,584810,520108,618663,539126
ii	67	3	8	618653,612124,652196,590936,547123,655418,595674,552109,576864,606737,598510,535945,639588,746920,585786,685055,712300,528948,536584,543907,519353,522520,535587,536260,543932,642642,665813,519746,521598,539394,523448,533921,547084,528421,531718,520773,518463,524170,548001,531019,524563,539074,531934,526605,519655,527782,530796
ii	67	3	9	583718,650360,629189,523649,528908,519009,528815,531574,522600,538324,522856,556763,573743,595503,517039,556835,533552,527415,535751,579510,588142,589663,523279,527645,522742,531712,534594,536869,551413,528068,540776,523898,534364,523389,525820,527472,564611,527563,521252,563439,527548,527874,532201,524159,527218,523818,541752,526873,530688,557999,582835,523264,544548,561397,530630,531822,559426,527926
ii	50	4	0	644633,647407,674390,587815,675770,662592,664461,656519,548920,547527,528971,543598,586585,592809,520254,523854,528063,547332,532764,524285,541161,523092,521358,534415,532446,535874,547392,521916,523193,525096,536509,533097,543054,547058,535544,548141,523217,526270,526661,545278,519784,526077,520306,523872,531537,550855,518203,526975,515991,526907,528066,531562,523724
ii	50	4	1	740323,801739,772447,542877,545673,535076,583464,592906,627214,556528,544099,538896,553662,553558,524900,521920,552882,553831,531550,522423,534200,529690,534361,524901,535617,545908,556298,560089,527417,526847,528437,532660,539309,527789,518253,529495,526649,535845,603819,600521,606267,528747,522041,585007,567550,593253,556884,527669,559909,535119
ii	50	4	2	692259,656004,528282,532032,599051,623378,616647,594677,607511,547829,592647,610557,636156,526977,542206,518652,521793,518768,530774,563255,524891,532869,527670,544014,538047,568966,541070,544939,538053,551888,541181,535841,529920,570494,544483,649566,644316,523240,525560,529089,546500,538150,555309,540928,519578,519175,519590,527598,523627,523128
ii	50	4	3	800992,764260,811369,855581,578360,603154,563312,647352,587257,575903,540230,523865,534061,527208,564154,593679,529855,531645,533477,551921,535981,521509,602298,546326,602708,552966,568586,527074,551781,692476,644292,572646,571431,565750,628225,573931,592278,588385,627372,575518,590295,607923,589951,553366,523911,522306,526298,563685,526594,528732,522177,521937,558513,556970,520064,523245,562454
ii	50	4	4	738352,751768,739725,763273,801918,628968,653105,661850,693767,610164,614961,705823,626980,753165,523678,555860,527108,522953,568513,597929,554351,520934,539160,531468,550560,530512,553958,542733,568743,533708,557213,527853,523765,528876,524735,526084,534108,540368,526442,598812,625381,651591,560218,519257,524519,522131,519811,532240,550767,518484,518305,532412,533368
ii	50	4	5	692127,735150,693936,517471,525311,537153,569964,555820,533582,551330,522274,539685,528331,534005,557559,609378,526223,519698,526439,526684,546844,519701,519795,524895,518537,564133,572778,544626,553893,522040,523063,532503,523515,524967,536941,540181,530591,539053,552829,537415,531700,519813,559448,542577,522582,541327,540317,531977,523196,519535
ii	50	4	6	599701,636660,529295,530156,527863,532495,546687,543802,544841,571981,546060,565250,553889,537351,525866,544315,538663,522008,537995,569197,527076,598471,576916,523081,540945,524047,524810,517472,556863,546197,532890,554759,535994,639054,571275,554841,538659,544349,532149,533268,526320,543540,560831,546455,527657,573886,582290,533267,517851,518724,535722,533838,538937,542441,519633,522325,534824
ii	50	4	7	623625,560534,608736,614816,648960,523702,559708,560094,532099,545132,532654,535150,528188,537228,520334,545590,540328,527443,529454,523800,540651,536496,529809,536939,519714,544183,521239,532387,525336,526634,546222,542612,534101,590952,580191,535902,555827,592930,591461,530606,519168,559064,588264,519618
ii	50	4	8	632460,653164,612541,602090,540290,532880,527664,536006,576096,611271,630948,535010,522873,529391,525796,571244,568148,518342,556110,539807,572948,585046,535004,533110,573837,604116,541104,529985,552786,527154,535811,524321,574547,546706,526668,543538,531377,526279,519971,526483,530266,531292,518918,539134,519217,519786,518311,523439,528485,543688,522623
ii	50	4	9	730850,730127,748668,759574,594378,604418,535055,554329,718718,751480,654884,750356,583421,560947,519633,540635,526459,553950,541401,518180,539159,544383,524807,529386,539378,554928,562603,530986,546372,536732,530762,540444,533167,520647,531833,519362,542420,602401,522431,545458,534837,549305,530724,612511,639508,644386,525580,545566,545528,553506,543191,555825,532648,523427
ii	100	1	0	614565,603358,631361,522792,530647,560825,550463,540219,683900,539962,555934,524843,564223,531965,524707,536705,544014,525328,556436,578280,519002,527909,529423,520413,532317,526031,518590,528514,531139,529862,514033,561164,580352,519677,568085,546897,523703,524540,528701,558112,522824,526637
ii	100	1	1	623583,591330,527458,521180,525192,522473,518553,522962,529973,520282,520754,549630,519300,528669,525569,543512,519399,543044,537334,529676,520401,526783,524389,528076,555290,529156,529436,528894,583110,525778,522500,520653,518814,524892,518873,546758,537974,547005,526911,533438
ii	100	1	2	643643,619737,544112,560030,523332,518474,523761,530439,516251,523214,523108,519491,532786,556474,546685,575640,549115,530386,527562,528542,528873,528123,531166,524944,532437,522435,542898,523418,524777,532698,565105,519825,543495,527213,520328,524584,519063,521484,519859,519036,519677
ii	100	1	3	545027,524350,523272,542965,520100,525974,519670,534632,605890,572686,518188,560483,515826,555314,530821,526333,528989,537193,531978,565254,583696,526790,526907,528179,579858,526692,526937,523268,520568,513386,518000,521340,540282,519744,523513,522894,544063,533046,548934,527626,523528
ii	100	1	4	739459,581177,539738,528043,559359,521463,531943,525273,518327,525949,534196,520206,525998,538440,551477,524018,525719,543755,539976,540851,588911,587247,578360,536800,534131,544260,537160,541461,527399,530549,520635,528139,526801,530890,554306,530351,519855,518553,518466,543773,518787
ii	100	1	5	559078,532709,519429,567591,522889,523195,540915,544420,522648,519023,519824,527852,552418,519815,535748,533632,520978,535434,526812,534121,516178,531942,521510,522274,531266,531626,527154,527978,521119,553051,535549,531504,532829,532388,527848
ii	100	1	6	781786,763040,762380,803103,737132,551357,515525,525073,519030,523637,532203,519202,527047,525339,519230,526287,538379,526660,548531,526034,525145,550328,535932,526880,523087,529817,542659,523943,518657,520527,520391,520080
ii	100	1	7	584911,608857,572019,586033,550506,525352,517897,528038,530448,535058,523478,520085,528146,518469,530082,529379,524608,523185,541965,528618,537538,522675,524766,527492,517858,521849,531140,523023,524577,536527,527233,544062,667236,541203,536315,551252,540923,542263,529890,535297,526683,525939,527373,524989,524314,526249
ii	100	1	8	607162,641985,647437,619230,539186,523087,542209,526011,561260,548474,535782,524162,539394,537593,530530,521533,563545,527903,522247,522728,527140,523214,531258,546105,515877,537304,544976,526856,542032,520557,559874,525051,545631,542383,530121,551167,521216,521779,519574,530457,520220
ii	100	1	9	633191,545306,538811,559673,573328,532587,544828,534615,555385,539750,534530,558528,567291,524693,523485,526419,526729,534822,553179,522396,541910,518102,519150,574219,526107,537614,535246,539735,521201,523243,525784,646880,522361,524436,562472,519966,519612,519568
ii	50	2	0	571394,670309,563403,528019,534421,554725,559539,538066,533759,520111,540169,546936,537206,588524,535702,524287,535795,566728,570311,600812,646848,587145,542608,523449,526162,521213,526173,520924,524456,526618,529273,530609,530020,522387,542610,544472,553735,524116,523083,522675,553104,528805,519712,526302,519439,516418
ii	50	2	1	770208,709508,704379,538823,569294,525504,573323,672812,676217,601670,535658,559255,531086,548033,518851,546753,530631,543184,562540,538886,552101,519109,523682,572218,537661,541719,521557,541767,536557,540360,525132,538718,519570,524186,520661,520192,542762,515964,526689,523263,533420,561966
ii	50	2	2	881549,900731,741495,899248,560716,566267,528370,604695,531776,533642,524169,546928,518066,540619,530466,531822,520242,537042,522246,533772,538469,531869,541320,562317,521931,522798,534240,528148,570319,539043,549913,569635,519452,523792,542829,528607,544318,542228,536887,526259,524274,545653,536098,520083,561263,592003,551280,537602,518959,519447,520039
ii	50	2	3	646643,678736,615114,536183,535749,541521,549243,528173,526682,522456,563042,528613,527466,550368,538289,522593,527736,668089,620923,543524,522426,527499,541257,526927,520506,525655,525454,528835,555125,550740,583646,540439,520345,539946,524733,553267,579104,520602,568210,577997,535037,528159,521104,523667,519518,522968,518678,530337,523957,528265
ii	50	2	4	617209,670889,587108,545868,574133,529909,519717,521509,520554,550598,536649,524260,529060,536674,523700,557032,528673,531251,531434,526138,517266,529894,558598,523464,543171,547101,520084,518352,524862,540483,522338,520181,522310,518564,524390,532843,526908,543769,528056,559602,526923,542950,539162,561373,527689
ii	50	2	5	703928,735187,734165,521555,537491,550675,540438,522450,521077,542598,519285,537074,518338,542058,525698,554817,537797,534219,516220,527088,554477,522921,564589,587368,526330,575156,555485,522864,527189,527613,532264,531427,548529,565828,528240,531724,531037,545719,520305,543532,525415,524573,535334,524869,519514
ii	50	2	6	623581,682556,615950,652106,521440,529637,527720,523881,596345,530042,516879,523675,523298,537971,519867,570065,884283,535359,802967,592916,608595,536931,533773,543376,600331,608772,530677,533033,566155,533800,528433,552670,531649,564948,559471,523838,531630,518059,519847
ii	50	2	7	784284,800410,620751,614734,559727,696874,580158,580349,585954,602169,619509,544587,537482,548565,529504,566614,549406,523067,526877,578899,522472,548022,526960,523648,537136,525782,576891,592143,522920,520490,518824,524063,531344,524396,528619,540950,562483,552618,532245,535747,533599,523770,539594,532992,543039,524948
ii	50	2	8	716385,726943,717795,576754,539619,543155,582984,585719,556339,538102,537998,548415,591194,559291,522398,543330,522337,535276,548877,535969,525778,527150,525466,540466,520653,520367,518539,656055,685435,543401,527277,520670,552158,562311,521739,525967,539162,525041,526848,522174,529461,578236,525975,522917,519576,534834,523890
ii	50	2	9	617176,664965,665693,654426,538891,522592,528869,547054,523406,522452,519335,519588,525001,520931,524345,531105,563205,557101,574934,553059,523021,528895,556589,541073,564500,528194,552232,543505,527165,558071,525901,537163,525875,521814,536619,536382,527736,531068,532946,530464,523490,545333,522852,547717,520466,525700,523448,532746,522035,519315,544063,519062,531628,530689
ii	33	3	0	578538,603412,637696,568409,560593,566416,618444,637049,555202,639687,559056,599497,530351,616566,654376,628514,653391,543144,527547,535411,568497,536173,544703,529330,528404,548418,552004,535316,526382,573242,544313,523522,520471,554606,520443,538556,531307,548323,530965,536621,518883,544013,529630,539026,533020,552904,559083,586482,522317,554932,526441,570299,544843,536336,542857,546664,523580,560399
ii	33	3	1	580570,591586,527566,557584,535569,523143,528810,521164,526505,519600,540063,521791,524828,559597,527339,523279,526739,528272,526865,537477,534707,565453,533248,519641,536904,538798,520852,534487,518608,523388,529037,519309,521765,527266,526240,541042,527979,529308,532303,524675,532631,552415,535096,533215,538879,581432,530657,521123,536270,526859,520396,517928,523171,519248,540042,527141
ii	33	3	2	550745,589591,579490,530758,564168,532379,565682,531112,566290,566080,566726,530856,548315,533419,527702,519693,544345,525750,520791,524141,527852,526355,541682,529378,528929,527697,541312,533101,531351,546863,528902,519624,520927,523157,533885,528831,529289,529366,528499,520383,537605,521265,524732,552314,541118,549662,528037,528194,543460,542757,527740
ii	33	3	3	740247,662649,519176,523794,541733,524899,532252,527240,532216,545043,543336,548394,543004,530703,553583,525616,524221,559730,556840,523636,524097,532645,536233,529106,544715,515535,524027,525960,522726,523917,531482,526013,527238,519029,518905,527257,528587,539873,557775,521665,548599,526130,522113,532105,523323
ii	33	3	4	844892,806463,684939,547086,546526,523256,524928,554247,530461,558665,532204,552570,526629,524387,531052,538640,523272,543013,551740,526547,557947,567505,526821,565024,523312,524082,523341,526289,521585,558320,528940,560847,555521,523555,542882,526074,522482,529149,556443,545217,553930,564454,556436,542352,528876,522023,523739,535752,522293,576490,524164
ii	33	3	5	599935,695251,671526,576078,536006,526300,526037,519758,527261,527611,519942,520128,530738,544515,566225,560033,556837,537330,595296,525605,523092,522154,548133,524043,548093,519553,523096,519918,519498,526792,556738,531260,525855,526672,593726,539743,515311,530658,528167,628292,617735,599355,538687,519437,555026,590082,527619,531756,523846,698719
ii	33	3	6	596646,578875,570998,552690,548179,528825,524251,524092,519634,548112,560758,518865,535082,547623,539438,550927,525547,523089,524232,526283,526245,540894,554759,572394,522892,548788,524669,532839,537926,532380,538890,539086,555809,519722,523481,615821,555593,545555,559713,529952,546251,597661,599768,528408,547801,522016,519909,541334,523885,523769,524317
ii	33	3	7	694354,754618,738568,744249,721666,545640,559214,582431,534431,533801,524838,559172,531123,549408,533486,523926,534933,555772,543288,519738,524653,527743,524316,541735,526808,534452,526548,526400,529228,537727,527755,542191,521489,526467,521363,545695,519767,531566,557173,526738,519680,556880,537558,528348,541218,561579,540230,551971,522586,519503,523403,549329,522756
ii	33	3	8	596733,633085,663257,543154,518274,523401,523615,552814,533690,531502,533143,525738,525803,531269,520539,546981,537354,530683,521611,531701,530313,546643,528223,526042,603930,530863,577709,611346,618830,526781,596330,631361,629477,590277,546529,638056,668868,673783,539532,577165,535413,545302,565969,547074,520086,553177,557994,523024,520653,522233
ii	33	3	9	671070,722376,716373,682467,534014,560480,528090,559482,524442,536445,527442,529557,530713,523398,519845,522956,523593,522794,532096,542082,528087,542292,538415,530605,525304,563607,532030,516560,527456,558966,551477,520785,524301,534461,522980,525839,540180,533902,549241,527588,558304,549458,526094,539974,529976,526877,530066,523745,527969,523928
ii	25	4	0	626960,657249,641040,627753,609105,575399,577420,585355,589195,557408,531723,584824,616638,555418,611236,531075,530740,523998,538023,536899,582252,566215,527661,523756,535411,536002,560587,540017,533541,532219,536839,519650,542810,519235,544851,518162,620717,598463,519094,531518,525112,523022,535518,521481,523573,543402,527489,520123,548436,522892
ii	25	4	1	732758,760053,771207,807246,814390,596796,551266,575362,523660,650974,687545,652734,1113426,989975,931388,664141,539318,542809,554904,519616,551100,531853,540447,530855,523922,571542,536600,544130,522793,549142,543439,519997,578907,565908,526377,546158,567552,533066,552656,533185,532699,554372,553944,552794,532863,535182,526068,524625,526146,532373,594847,518136,520274,520741
ii	25	4	2	860344,843674,744502,521964,526719,527301,541189,530323,536070,533611,544001,527817,534062,522662,585266,527920,536437,543572,525889,574255,535604,543706,544018,519324,533120,519554,526572,521752,579738,590120,577587,538537,528574,534475,544687,537366,522413,537975,530389,541046,538387,518585,522992,557241,586256,532573,549614,613547,557272,593902,555330,548998,534350,518847,523287
ii	25	4	3	592073,584682,529886,527411,537141,527980,534024,526587,536028,533390,530888,518595,518778,523852,526702,525925,539383,567579,539064,532881,521162,555638,525526,550213,535151,524003,531295,540232,537306,541013,562891,590563,620556,538786,541479,521127,550242,606388,524588,535235,536475,527694,538785,584325,572521,527345,529007,556704,538868,540665,534192,540842,566812
ii	25	4	4	656189,697403,701671,663894,740440,631873,594009,544254,518370,542039,539379,546431,526972,525593,541225,550097,539845,534175,519046,536551,539761,561747,540282,533432,526886,595089,529014,530664,520375,527093,542773,560311,547524,530737,535332,527615,536462,523924,535342,518221,594715,554705,582435,523063,537396,524292,524388
ii	25	4	5	639489,674372,636165,530656,539170,537917,558209,549602,537800,530919,523539,527186,538006,615557,610614,554035,530511,531189,524081,525562,520947,522623,558601,569458,522991,518739,527461,556516,518578,608595,618400,528023,603432,525009,535532,523491,530048,535543,573197,573630,527576,544975,524188,524797,518906,520104,546739
ii	25	4	6	692862,521512,525027,523557,519289,527059,635958,524081,524955,560504,641620,576140,663371,518830,539389,550645,543098,525559,544605,550547,532094,518966,539469,538198,537525,524207,524405,541465,560950,531035,527985,529387,524303,526328,531009,568319,620464,540202,521579,527590,547021,530500,525736,546225,545138,520450,519803,523932,523436
ii	25	4	7	642717,711202,736648,709974,647887,615092,527772,528198,603907,612231,603279,529947,532697,522739,535849,528010,636705,643931,538856,537868,535883,541684,537799,525544,544934,544413,537684,537364,523555,549401,531793,518906,517884,520157,527568,539675,586320,588812,529926,523928,555089,619629,582166,616393,537893,557867,530127,537754,527126,520217
ii	25	4	8	743339,743718,731226,703371,594286,591511,693678,550694,535829,525237,550169,550414,550785,538625,552302,526489,523295,523888,532454,522571,528081,523799,530448,529492,544841,549247,526746,532943,520348,538860,534084,527963,539091,562899,524768,540161,530910,545827,540608,524081,536590,541607,521982,558539,529413,546581,579630,524059,536470,540501,523976,525226,522239,518367,524355
ii	25	4	9	777558,781598,706501,662319,575673,572016,571626,534719,527717,523227,548053,550959,562666,593594,536709,543710,541100,534768,535220,524907,520462,533951,527553,563017,551030,527126,534746,528015,522199,526983,527466,521829,529832,636437,551027,563288,584403,530188,528918,522669,533803,543144,521271,525250,543673,520050,520024,520362,540140,542460
ii	60	1	0	530880,561892,600289,583719,544026,553148,571929,556033,562186,542583,574378,540925,542009,542590,526963,532053,559868,522940,532915,559499,568925,547419,533333,545784,526048,581069,627150,519976,534855,530240,528394,518950,515664
ii	60	1	1	656842,521674,523010,551033,519933,519305,529559,539550,526524,526755,542254,592270,620919,532842,704630,549970,609168,526541,548430,518486,518628,551963,531555,519147,528149,523319,519377,519723,523448
ii	60	1	2	579358,559420,543425,527101,523220,558863,544023,555640,632801,519002,521888,523937,823628,811151,572997,575750,519481,543104,532829,538407,527394,532910,522242,520777,527736,518316,531661,526109,534913,521821,527104,535034,519157,531873
ii	60	1	3	550170,583013,523411,521131,543117,523124,523509,527575,553333,524730,597207,523912,597465,521889,554689,526684,526395,529724,526263,517475,557045,560748,554591,523673,523813,523681,524435,520456,527481,531592,541828,519168
ii	60	1	4	758720,691640,673244,533001,518760,619170,588255,531219,574848,617490,553871,551997,522573,524872,524212,526612,529381,526774,623719,640754,535615,523267,521337,523825,527407,523372,538585,542133,530893,527765,529350,528911
ii	60	1	5	739946,528011,515446,562719,526253,527058,520173,527460,540494,519427,573770,540462,529826,527456,516312,523232,534951,536329,537983,522992,612034,655368,523354,533363
ii	60	1	6	704439,674476,522935,532298,544199,551430,535303,529810,524483,539039,523646,519702,541084,535170,564237,555931,532753,534548,543677,559167,522869,525880,528033,542921,545832,535058,544279,527957,521694,539658,527150,520236,518331,521999,519192
ii	60	1	7	620056,526222,519310,519767,531985,519322,530174,540516,523500,540344,525940,515189,528828,546930,545273,541685,554927,533600,523467,533171,533321,532378,520658,518416,540502,522623,619744
ii	60	1	8	716604,725795,702972,614866,586170,550536,536750,593065,554423,568058,544010,530830,569040,518877,543409,532043,526111,580303,583147,539120,541539,558962,553117,526828,522529,524171,577985,520530,519786,532658,520618,519367,515190,524861,521072,524136,523381,520921
ii	60	1	9	595449,663661,604165,548150,573587,559104,523731,529240,528717,529894,536864,522776,555294,528462,542327,519908,549068,531658,565078,534872,530230,531921,521389,541644,537582,524837,551313,561962,535941,527264,526458,530654,549335,514271,525492,527493,541374,515536,519752
ii	20	3	0	604282,647275,531854,537650,539490,526458,528063,585432,518455,633411,540393,519976,533126,519932,528426,524698,523656,561990,526936,518324,539829,554516,532284,531309,525395,549078,526627,570698,544337,654884,531870,543856,548110,523118,547405,523918,522943,522747
ii	20	3	1	608647,655630,666131,674265,541408,562102,527462,528174,546576,525214,540580,563304,545123,539496,576149,588697,536617,520396,546826,521222,538879,545982,578904,570709,521938,520516,520944,537955,523713,655585,525727,555990,524789,522788,550028,543177,527568,534542,529285,520254,552520,519436,518255,523939,522149,523644
ii	20	3	2	560771,567105,579765,588109,531129,560337,564532,569991,631633,570724,572169,542687,558865,572760,568127,553664,530104,539379,518843,554762,581073,542754,586159,534341,519474,519839,524137,525814,527002,564909,551570,537500,563445,563682,530001,570034,559719,545557,525338,564503,519076,542568,524135,519822,536211,552563,535847,570865,524867,543446
ii	20	3	3	595677,612587,588286,531315,562548,527976,534866,517836,516099,617490,561600,531228,531993,651758,523919,538820,523462,533919,531908,532185,547413,536451,519416,547968,528005,532859,531265,529766,684451,543062,528324,533179,554017,571645,579251,563489,521330,525326,544465,524437,563542,539617,526047,526913,534360,521712,523623
ii	20	3	4	608334,639495,671369,627460,547609,529499,532827,533972,539345,538137,539688,555451,525365,552516,533699,526657,523105,539507,527387,519955,524300,538029,527306,554935,555025,532662,544001,540091,531465,665095,579728,560155,538411,596026,617433,526397,523519,518871,519713,531890,526293,531751,546200,519474,522981,524907,528410,523542,519927,519025,515094
ii	20	3	5	587158,589160,604624,542077,530002,531749,532420,538910,518753,530686,550951,531549,518905,524422,522684,521959,531531,529862,519896,524289,525407,543688,527455,531240,526597,548889,528148,533996,525200,545874,547916,542178,527083,529155,521184,522943,542389,523348,527766,544487,541713,531787,547198,535102,533352,520472,534605
ii	20	3	6	647801,699467,735706,602403,789881,579249,604459,532685,575137,519233,527260,527832,530019,550800,565653,516738,526573,532289,523056,528486,554554,545180,533313,535620,542897,532130,527956,551888,518173,528667,519437,544923,575783,525616,522758,533291,534973,531469,536504,589232,572874,519380,523629,518568,519211,557782
ii	20	3	7	671462,696019,656600,665025,665964,559610,544231,550294,618100,534090,541689,530713,576287,629711,603937,538991,550424,537342,527910,522250,530401,524196,530460,533625,554618,554867,590811,549904,545687,537123,530821,559732,521015,524443,532187,532343,527774,522930,523557,522392,523613,529775,531697,530671,528844,535962,531657,524460
ii	20	3	8	601491,659537,644768,588773,527121,527445,526845,567006,528256,520913,535412,542593,526537,527089,524142,567029,526975,516179,532897,650688,540184,533680,546756,524913,525407,554466,567140,551099,526749,538624,529241,540315,520891,532652,518398,555563,523286,538628,520059,520147,524286,527298,524582,518745,519177
ii	20	3	9	779603,752848,652106,648394,519896,527399,616307,617621,644689,592632,614830,623558,551446,549475,530589,549820,555650,566128,530615,540549,532713,525133,519229,560587,528402,531831,546668,547132,595060,535581,551097,606944,609815,623858,551476,527991,521626,520028,518603,518813,522667
ii	15	4	0	645509,550756,561488,539134,531146,519265,535079,528061,539143,545382,528666,522446,517073,525736,529974,549198,527578,523972,526216,516922,530896,518752,528865,546105,526134,540927,539760,558581,577052,529781,538640,573268,567761,541794,527266,528256,557148,566272,536195,529706,557613,550999,539229,526984,518478,525601,517682,535754,521853,520153
ii	15	4	1	692699,773597,732541,539560,538727,529362,547323,533715,537568,527460,579703,611172,572087,597406,604706,526899,552435,544591,563583,522467,545962,536196,523620,523228,536325,595277,520746,535587,541381,515406,522849,530637,543884,531710,527261,531039,550217,534074,529441,537063,519317,556036,537377,532919,538532,535959,534378
ii	15	4	2	708986,690895,539855,527789,528258,536801,538969,515778,558784,523355,530928,523588,548405,524418,537721,532028,528140,518591,527742,523870,527364,523822,539095,519944,529454,523543,529781,556536,624209,568208,532890,522200,546733,518616,517557,535877,522635,532421,549394,563295,537054,528459,550745,528993,520049
ii	15	4	3	566509,540253,531798,519281,540228,545982,530469,542422,543497,568940,541962,538943,564516,518401,530580,518272,523966,531268,567809,584556,525798,530484,526485,527988,523612,520675,533485,546871,523466,551103,531622,529914,558042,539873,575567,542176,523880,558333,553687,530722,524881,530534,550852,525177
ii	15	4	4	699474,637105,539012,523684,531611,526578,526180,535840,522630,546807,543456,541882,528210,531945,526651,538188,561520,578038,542680,515722,543823,523374,520407,524780,523480,523676,523652,522948,533362,524606,535056,529921,523286,527793,551225,527403,537533,552645,522921,525179,528048
ii	15	4	5	668234,738900,729534,789119,527891,526234,539820,523352,521979,566135,542999,526323,539541,540057,528480,519408,529900,522136,552433,566714,520165,533156,542609,528623,522879,545669,534736,528275,525801,537787,525505,524352,549126,537582,520363,526564,550947,536510,527582,539837,532521,535559,558046,523415,531543,523065,522569,522921,555018
ii	15	4	6	653987,676650,646589,598844,642270,590470,627143,723721,575641,623967,522974,530614,561505,525857,536422,521994,527263,539327,615271,519627,519285,525003,535624,533900,536612,527167,533745,535345,523005,540211,529955,538450,537594,521872,536098,537639,523197,567843,519948,562925,541621,525990,519798,530577
ii	15	4	7	751343,773065,773761,746314,559566,574960,568648,548728,573023,556208,535314,536293,524995,531144,527477,527498,542567,537266,525662,518628,522750,538725,527251,528417,579636,622580,546681,533926,545124,524002,523395,519693,600617,523905,534602,524874,574827,583542,531226,520854,529818,524172
ii	15	4	8	780379,710726,756856,625937,575129,550326,526348,575180,536189,519474,536931,585770,524025,525930,560012,572962,558472,572044,529309,532622,530766,527647,537253,525865,535990,524408,532216,526186,541536,561221,567406,522089,544662,525287,522773,610936,545943,531080,557924,539602,531293,524210,540556,533654,522458,525805,522467,539466,524326,532156,516094,533592
ii	15	4	9	742554,698051,598522,562828,618647,664766,539744,523990,521081,584675,584853,520881,540110,564498,660941,603398,532412,573567,536186,567993,527732,523208,540171,550469,526877,527076,585313,526786,531621,522307,522806,529867,520586,545135,544963,541152,522779,541541,530319,523160
ii	40	1	0	654383,665428,621029,608515,591790,544059,548492,544217,533017,521441,524435,538343,518858,524762,521434,541522,522673,528187,561527,526741,530262,524734,527494,527066,525627,531755,521264,531665,522672,520305
ii	40	1	1	564689,527722,517960,544385,523029,527352,530702,518463,528741,550682,521131,521649,517496,522842,536809,548171,522838,528190,545145,596648,610906,587888,525319,546467,523323,522317,799510,528026
ii	40	1	2	524357,533430,548336,524121,529362,542556,567534,525255,526740,520182,527474,538529,559605,582309,518231,534033,522398,797890,552810,532671,583869,608590,515776,531751,528728,524102,519087,518861
ii	40	1	3	526476,550725,557050,533325,562621,525698,529445,532978,538736,546692,524590,592142,525540,543049,526173,552665,544213,519600,523287,523543,524831,522777,542763,521548,523474
ii	40	1	4	642598,664449,528231,534428,536098,564529,519866,541964,542120,545368,546860,533470,546676,535832,522389,564291,528142,528970,524888,528129,535632,535898,528094,531408,522874,524100,527043,523898,526306,524642,577027,546139,518986,530431
ii	40	1	5	611865,637412,676414,701778,653915,674745,531089,517474,556109,527433,519313,531017,536667,529021,515980,545345,538058,580707,534642,530999,526508,552015,539477,532350,536674,522055,526201,530949,518312,531764,519266,519833
ii	40	1	6	692108,526544,544757,578292,573808,534262,520125,530170,522711,524755,522426,573199,553014,531388,525833,521734,523815,524000,528547,522717,534987,520460,522858,551576,546025,539731,515160
ii	40	1	7	659430,534241,530166,528844,536005,579304,522525,546755,556774,628780,538298,529029,525072,556668,593629,525986,529652,526948,518597,522851,524230,515140,519432,572842,802294,930986,528315,528040,554623
ii	40	1	8	656240,681554,578710,527419,563203,521700,541101,531884,529867,534297,537038,527098,536914,524108,543153,556358,535123,545042,574532,517786,529848,517880,530161,522280,524448,530284,545429,544346,523542,523222,519325,519439
ii	40	1	9	583442,574540,528520,692992,551100,527989,523174,525759,517285,525834,520495,549661,601920,522456,535018,526452,525131,518904,522971,521079,526117,526484,535353,618410,528473,527452,524156
ii	20	2	0	607492,525756,560402,522323,541060,528152,518542,543192,542375,581736,535746,521125,515563,526693,522286,528025,547640,549016,519929,541771,552959,548193,537782,528842,524469,536883,525512,557211,559054,533565,576169,566789,532467,528489,547873,567514
ii	20	2	1	702223,578934,520338,523451,560159,526776,540853,531387,536246,523203,520073,523490,607266,556058,522207,566998,589531,595929,550683,530050,561674,589827,526782,558941,602575,526498,536396,522974,523394,524710
ii	20	2	2	635841,672294,656067,688612,617270,604958,635090,590045,529026,520226,527104,537899,534869,544897,518300,540204,555262,587168,589046,518878,520301,535271,551971,523475,520682,515768,523980,534907,523973,531035,547900,527367,523094,525200,519390,518862,562166,575856,526134,535444
ii	20	2	3	688427,568456,533413,534592,521764,527834,538200,522095,520514,525237,548128,529815,529143,533373,537875,532958,546061,532333,551061,522830,564676,589095,559189,547359,549767,528966,519126,521203,520056,545329,565192,519460,539994,540976,520295,523653,527239,515391,519915,518887
ii	20	2	4	628099,676558,688364,583221,636817,524608,525611,524542,520365,523186,528113,536045,531586,542347,550722,523476,527605,524392,539095,519527,517830,527005,545078,529526,524108,527771,535713,516630,564532,521307,530013,596503,604246,519828
ii	20	2	5	714469,763056,560621,577790,585804,539836,600989,519832,533024,562075,526815,539737,534983,537588,524476,525546,522514,527544,534516,528818,530463,518116,537928,547707,514164,527515,533764,566918,523671,526169,519648,553932,522065,525013,538228,527695,529010,529938
ii	20	2	6	799301,805130,556842,523455,519741,535821,533759,547079,559891,519347,521784,520401,520538,526132,518099,543836,522756,523417,527310,535191,535209,527448,555634,532742,520728,528620,530761,522537,519668
ii	20	2	7	748132,519086,526001,545783,518247,537773,543265,831098,589080,553865,579120,571398,529004,527627,518611,562160,587819,522899,536398,519354,522870,523649,523738,537238,522883,527615,519654,548577
ii	20	2	8	527449,524238,527329,534273,564823,533571,541211,553773,554639,540480,544944,522612,518666,530021,564599,547741,538739,527745,524981,532851,526800,556587,540164,538083,558682,518640,553935,533478,532489,533219,529129
ii	20	2	9	754655,685116,542242,538387,631837,540551,545326,573168,712644,710757,725196,529499,523254,535861,520316,551629,539014,520354,544772,564203,585628,526595,537152,521483,545689,528227,524738,518899,540811,534724,525426
ii	13	3	0	670012,690032,604487,629942,568509,600937,616762,568368,562226,606990,632927,631872,527179,534621,519542,552849,523633,528150,531305,523266,535590,520164,547624,536164,526724,574399,577365,526054,536776,520402,523964,520298,547478
ii	13	3	1	564860,564116,522479,523231,542387,527756,533571,559013,587442,529429,536955,527943,547156,522305,548722,536118,537436,531113,563425,535554,522937,527975,520706,547571,554183,528808,548088,515874,520028,528559,527169,520556,517587,534963,524215,554938,519952,515151,524941,520285,523826,543333,519453,520229
ii	13	3	2	607250,529140,534966,553599,527354,524524,534347,538043,555439,517871,535466,532680,518567,523631,547045,560804,539059,520328,528155,527035,557586,535133,526978,528754,575971,534415,520665,531425,519601,551075
ii	13	3	3	588984,599654,525674,551997,552893,535284,523953,526160,518988,523757,540867,534535,522881,553815,518978,531105,524490,519988,539823,526346,530755,559618,538303,542077,556821,525716,582279,535325,519483,519576,535300,532166
ii	13	3	4	706412,692589,560713,574429,606860,586211,541538,561466,535703,534690,532355,543247,523344,548136,519533,637435,543096,604107,604034,527448,519839,537545,528395,541703,530001,550859,561793,521385,519012,525362,551730,556112,526916
ii	13	3	5	701843,535125,534666,529744,562357,543504,537459,541002,523339,519526,536175,522928,530115,521280,527868,539018,521732,526951,549615,540207,542230,532797,592894,539416,523399,523356,541530,530117,524729,522653,531247,541325,533732,528645,531914,531925,530995
ii	13	3	6	602386,625633,527370,514978,523225,528769,544276,521200,524789,522590,547188,522556,542093,525886,522585,522424,521247,525180,532062,538879,522919,531962,525876,526703,522497,535694,526333,534783,526790,524262,550136,532036,519959
ii	13	3	7	524180,543273,530832,554794,540003,565368,524105,535707,559871,560724,537123,526215,563355,572228,586389,519107,519920,541083,534511,525164,535400,545794,536082,528096,526690,529980,533581,517806,532868,520151,554404,526026,519303,526903,531936,518736
ii	13	3	8	710868,678801,544357,563445,577808,523601,675845,687849,532669,564596,519304,563703,524152,528928,556625,582009,542126,551380,523931,604362,563719,544787,522314,535827,536446,562938,530691,527311,532630,558424,531624,534086,543864,534987,536295,522223,527536,520700
ii	13	3	9	670994,530140,526445,524699,542554,530727,541778,533794,533231,557072,547964,530478,534352,573573,592625,532754,524602,622787,526398,551099,531614,535708,540735,519003,542667,527969,540994,520213,547206,520830,527034,540258,567055,519967,519381,518852
ii	10	4	0	622504,525914,630415,644499,619985,525171,559231,540678,546554,541753,525370,557353,519958,572193,531100,542587,521476,556104,543017,547178,526593,519692,531212,531578,537724,519241,537349,526338,526788,541270,566781,534056,522973,537024,535049,525964,542556,585595,559741,519560
ii	10	4	1	623296,618278,536287,533212,539587,524057,549747,533798,528293,536125,537746,522372,524316,531674,537520,527081,518269,532787,534116,526962,560249,561396,539241,532648,538643,575382,523231,546381,531820,541659,545067,536783,551095,554719,579675,534377,524999,543216,518951,518230
ii	10	4	2	548808,568181,601961,564207,543985,580342,518344,530519,530024,531145,516697,527232,534423,551079,542256,526598,521695,525118,526312,526782,518472,526425,539396,525528,523048,525353,556485,528075,531809,552094,552217,526456,574533,555302,525318
ii	10	4	3	534756,589334,576303,595553,549642,518640,544573,525348,581626,540735,677312,530715,532918,523395,535613,532098,523631,534397,550471,534561,550297,523461,548115,528679,519737,531765,523381,528665,532234,539307,550957,527448,519391,577733,520204,532607,537273,525228
ii	10	4	4	727809,563241,526340,535552,524873,539047,543405,531639,529076,525888,539438,543253,546168,610223,605481,544741,539310,578139,542290,527994,631189,588419,544262,636146,680698,528495,593433,599689,531761,538086,530585,538256,556113,521091,520390,533253,521818
ii	10	4	5	654804,667525,703314,540081,519534,529476,537516,542644,519085,550815,602289,527959,711851,725619,555947,522887,560158,606601,528856,595203,521924,548471,520459,523069,522319,528232,558568,543487,559124,537698,531836,519864,541962,521932,522605,533035
ii	10	4	6	611495,599687,535650,541871,537688,535831,533021,522951,525139,530957,539180,523449,538526,559427,519864,542626,570360,565553,523810,527657,522794,526211,538870,522583,529806,523943,524167,549747,573522,534000,533846,518507,526712,529047,554394,551773,529995,536984,528568,519829,542796,519173
ii	10	4	7	703569,706871,634569,589030,600855,552577,653295,551327,519591,547425,544309,519940,524523,543828,589591,523151,523885,528427,519934,533301,572646,611326,528943,570045,539900,524708,522572,534740,528064,552508,528410,572812,531715,529454,525458,532681,531064,523555,519663,518435,531987,519805
ii	10	4	8	668082,615197,627707,546601,543898,538774,557971,534697,527491,550263,534227,528440,537583,522687,529585,523901,518422,518721,541737,544720,548400,540343,574537,522484,567049,530439,532252,546411,549850,543742,531343,573244,527506,546452,519778,531842,527816,573242,624960
ii	10	4	9	796811,817895,523892,538322,522810,637869,565233,548754,582770,543315,556224,521431,521308,519246,536844,527381,535338,528906,522996,527204,529224,526086,532554,558442,525047,525344,523374,555215,527692,528759,536562,530442,548263,530150,531680
ii	20	1	0	563967,518735,520618,548641,542636,569732,573921,520310,545751,527032,522958,527183,522523,554938,524307,554865,540374,514702,519439,531334,523134,531968
ii	20	1	1	583991,545800,528649,521739,542272,525667,533140,551000,550264,528033,518696,518110,523511,526713,519503,540409,535625
ii	20	1	2	518526,527440,520732,526476,526297,541256,547007,523520,547046,522705,540841,613978,671677,527137,531744,530461
ii	20	1	3	576801,562118,522216,519225,542885,611528,547729,535898,525345,541573,524842,566304,521736,525905,517857,519047,532564,540195,528442,527967
ii	20	1	4	526208,525212,558484,524095,525303,530421,522424,542931,540175,526926,518767,539272,522521,531455,518495,520177
ii	20	1	5	676104,525430,526394,531429,523262,539444,522974,522577,525031,531843,680167,537371,527076,539594,535074,542786,527290,526981,523000,528145,522829,519406,519671,600497,539923
ii	20	1	6	663112,591805,534697,523831,523063,531504,552356,531042,525848,515943,536117,519176,525719,550318,530693,527492
ii	20	1	7	644113,536510,522710,564216,524173,531274,538291,520609,539517,522750,558772,514347,529140,519378,520588,520191,516038,516971
ii	20	1	8	728457,648858,542713,533320,561960,540521,543873,550399,551416,535071,544087,524170,531591,522776,519017,527851,649891,519048,532106,521566,522422,524140,525046
ii	20	1	9	543403,542007,534068,578541,563386,542491,568158,588567,533153,522139,552967,556323,523926,524534,539192
ii	10	2	0	589201,536505,531532,532134,527159,527961,542858,535319,524901,560507,518288,520113,534454,523001,530109,521168,539534,548850,529620,519243,535299,547598,521918,549788,529404
ii	10	2	1	523498,557015,519986,522765,527324,524943,536534,526620,525450,537376,529133,522496,533563,526343,521683,592200,525093,549928,531359,522873,539659,516820,535025,537535,532909,526087,525476,543717,515247
ii	10	2	2	586099,526078,521784,625138,558952,528291,524627,527286,551161,615614,526917,591725,614003,551465,524666,521995,526597,546654,522065,533875,536443,531355,538020,677613,619293,526605
ii	10	2	3	540779,537422,550766,581466,532853,525176,524895,536405,527053,625116,521667,675950,518878,606623,608749,547454,532774,545646,521235,530330,541751,520010,517317
ii	10	2	4	718178,615949,639314,564227,609422,611893,620780,527435,538359,573087,593815,524296,523881,538648,543032,524380,523788,534550,538198,531752,546146,538756,521914,574650,524656,520401,523203,517555,518406,519790
ii	10	2	5	534990,547570,527435,546883,650521,591649,545369,548566,533529,568428,547517,531622,538012,526822,523206,524296,524001,529852,534963,534236
ii	10	2	6	537433,532386,539819,523343,551150,514338,523246,526521,523656,546442,540261,531190,526601,528009,547166,527448,539734,523808,557481,563650,525527,563135,575035,527050,530784,518150,558719,533748,542826,570125,518817
ii	10	2	7	583780,626359,561765,558215,546345,534633,526745,564805,581774,538426,542730,527873,555700,520065,525709,544644,574539,518320,522567,564360,523415,525353,522962,518875,523309,523292
ii	10	2	8	534815,544562,528241,547853,562056,525123,571859,532578,535232,527054,517783,534958,538045,531641,522928,519360,539948,673472,600092,544504,533056,534088,519952
ii	10	2	9	562988,545863,526628,535236,546189,544537,527036,540106,541735,559376,520932,525900,527677,546818,547396,527740,555086,541438,527995,524389,543846,519733
ii	7	3	0	652040,532625,527211,579476,533462,530767,612623,585499,538852,524651,538191,527223,523320,530276,527090,523200,555380,538339,519700,520388,527898,530475,552186,527282,515469
ii	7	3	1	547071,591384,584038,582216,568869,537318,519292,542222,533450,549220,531332,520063,520562,549564,531196,535535,530766,528536,593704,561508,563358,540149,520283,519279,524910,535566
ii	7	3	2	556284,574160,588047,576512,577557,524556,534312,522449,535033,518146,577530,563826,586332,541558,525441,544636,523634,542686,522619,555288,519945,521263,539831,573088,586774,520322
ii	7	3	3	538618,521708,528818,522685,557252,527299,522322,520426,538556,528007,528915,526519,519047,533599,523684,522460,569713,523231,532049,532101,536229,520141,524445,519767,525826
ii	7	3	4	570858,565485,547789,540081,550678,571394,600639,621018,652071,615445,569241,527389,531760,539060,522496,532645,529054,534475,545443,532576,547866,529454,571312,523756,525358
ii	7	3	5	559418,563181,559927,576661,559938,524093,544326,545794,530764,525894,543275,521093,521704,523609,531233,527327,525387,548105,527914,531803,545347,565010,519243,523901,567932,552576,535055,527508,547910,547509,538049,519154,526878
ii	7	3	6	531362,541567,554316,522415,553445,559460,563564,527210,640836,549410,527058,518892,530376,555876,548294,552326,524365,525183,523232,519378,519621
ii	7	3	7	529016,519111,518430,533474,532717,523243,528874,531887,523083,526985,526387,552153,543112,570008,523132,537363,526619,521329,579243,533138,524420,523386,530080,528139,522138,530897,535114
ii	7	3	8	647420,573249,517854,526943,534298,528058,532421,537116,515443,533179,527812,535471,532274,538495,528167,520185,543041,592466,519086,518127,523966
ii	7	3	9	611682,632155,555396,531960,565152,537531,537552,527515,531948,522282,534757,532628,534902,519628,539030,536525,522771,542363,582634,518744,523350,525935,529479,534587,531842,534249,524012
ii	5	4	0	539577,519832,519778,535186,545210,564875,519720,528229,528375,525783,543631,540299,547700,524029,524426,532248,532848,517710,591021
ii	5	4	1	703365,619974,552253,571903,660370,546024,561759,546962,528195,523339,560789,584760,522575,570275,517862,535230,574980,635266,543555,539266,632500,665259,523859,574767,526895,531285
ii	5	4	2	519128,546303,529967,542304,537075,531335,533078,539400,564277,570992,544295,526311,555538,527303,519738,529212,550415,519087,555930,520489
ii	5	4	3	734016,551510,522703,532027,546810,570740,541346,602905,545436,540023,521195,526786,540784,537114,534921,527865,531395,527137,522010,520599,544427,523341
ii	5	4	4	671740,562980,524355,526912,586518,537358,790828,616490,589756,536405,539860,522659,519205,528921,525635,524102,515546,547028,533780,534346,547055,526820,589969,515325,522724,524128,521044
ii	5	4	5	535568,522022,545069,571597,528396,538819,528536,535278,547873,530879,556981,533331,538707,530051,518666,528236,566454,530360,523444,546757
ii	5	4	6	547310,542285,527601,527594,547909,526288,528767,525239,520339,518468,557149,561333,527279,554829,522205,631975,624168,531983,519309,522856,532674,521487,524113,527270
ii	5	4	7	657337,579593,576770,613287,517772,690520,529467,533287,559461,525651,519361,546256,531974,531936,523822,524530,527735,519429,532744,524282,531752,522540,553354,564558
ii	5	4	8	571497,527800,546145,530466,518857,520631,594634,542785,539868,550540,529322,536075,535496,523561,523223,533087,520028,525507
ii	5	4	9	582383,529467,556802,529294,524814,536985,541350,519652,523673,532516,532962,521482,538172,529201,519034,556874,569663,556099,523689,542833,551017,531368,520704,523999
