ii	30	2	0	636840,638634,655979,587559,577269,591858,627619,564117,572249,538860,523666,557133,533681,546154,560425,524545,528120,532569,525287,535393,528737,519919,546439,531611,522848,554723,552862,523195,517038,522996,550984,540501,523811,523322,538910,523362,538113,530223,534353,526778,519106,531415,520438
ii	30	2	1	724423,729002,676377,541461,549121,539664,523087,564570,538439,544596,533741,569171,526545,532810,534961,560375,603621,543308,548685,572712,589860,525170,529213,537406,538721,519613,563199,530335,532680,599908,565008,557620,527457,527127,565036,535216,523976,537919,523566,534833,551101,519404,523993,537564,522916,520458,519860,518471
ii	30	2	2	625329,519155,523856,522596,537184,528148,514461,528489,544627,523110,520197,521178,529124,551747,527058,557051,527595,555730,523203,522448,526383,524419,560889,525876,523382,522436,524412,523333,524958,520208,523505,547271,527374,530102,519320,553710,518712,516229,538279
ii	30	2	3	572833,599397,518820,549032,532862,528365,529532,533701,525722,530469,551090,529989,521487,523386,543991,531185,535599,518797,529608,522157,566185,554243,518213,522160,524325,519815,519781,531588,522108,521451,523962,531352,555994,553385,529408,518792,535015,547109,536391,523857,524174
ii	30	2	4	646954,637085,639577,531070,528714,529591,552509,520376,527370,535544,547008,530252,564721,565246,531777,518622,527374,530565,523528,578670,537114,523882,530723,534270,534902,557259,553764,538833,550828,543467,524091,530702,533774,537222,547507,525892,533717,519431,522939,545600,527207,537246,531106,535437,538675,518278,523919,519481,523146
ii	30	2	5	702580,641834,627320,527561,620180,630743,633234,570674,583363,589743,589917,532658,541616,538809,533731,538310,528952,532835,556841,529324,543751,572569,546821,552277,527158,538031,540264,522099,534447,523404,523634,523148,518859,546218,522347,537622,522311,521501,531935,548123,523999,519471,531035,515286,523920,558730,523693
ii	30	2	6	878795,860687,995085,584590,615052,569579,557445,563629,535616,526710,570137,522131,515950,523192,544999,523293,534668,546683,522951,520506,528867,526340,535197,534102,519174,523920,522507,536947,530990,525698,537131,560956,582356,536955,567300,519317,551938,535248,520091,531492,535665,520462,554185,545237,555131,527921,523708,518392,516423,518798,521849
ii	30	2	7	650503,709407,625190,547150,543714,542615,535567,533709,527619,532802,528769,538555,530126,539049,526708,522683,521591,525984,564553,584356,527897,608210,520803,523182,531201,546031,542777,521072,532444,556483,521212,542821,530660,525010,537087,532925,527072,527431,559767,534716,514346,529420,532541,534179,528083,523052,537841
ii	30	2	8	603007,623294,535674,530712,555170,548403,558954,528991,526600,527013,542933,531180,522993,534148,522098,533666,519795,550264,532472,523575,526009,523170,519616,537984,549653,567878,536273,562998,535188,523278,525196,535971,531677,524074,574823,529927
ii	30	2	9	636747,615202,555416,525934,536535,523670,528243,530672,548820,523897,562652,532119,566388,531074,531940,561156,519433,522455,553377,583191,536746,544984,553320,526753,522098,546530,519122,532269,520632,519246,523936,519253,558096,523501,523539,518094,538914,524365,540778,540057,519290,526203,533037,541350,523228,524979
ii	60	2	0	592671,625028,625497,646196,629405,591600,551886,561385,544962,532758,524417,531695,527261,599542,560242,525630,602431,615142,540548,572622,533726,553227,538433,535296,531629,549101,541333,519227,526300,546524,525908,600020,563240,525717,527349,531449,534764,526126,521615,564762,591966,531377,541194,532598,528292,541665,545507,524647,574584,571495,547041,532190,535482,523042,528465,519347
ii	60	2	1	673141,688501,720486,724944,559733,552825,570303,575111,546682,524564,542689,520523,534530,543951,525206,555148,527076,562973,544345,523612,545269,530110,528390,538354,524853,526937,523000,538246,519758,532886,548565,565567,518815,549884,525051,572214,526926,514927,527059,591104,516473,518620,531001,571291,561688,531204,523089,529584,532927,522172
ii	60	2	2	564137,592187,556688,593705,617456,580337,519901,521411,538004,529172,525735,535282,519030,537448,545065,524988,521883,533769,556522,580654,532403,525444,551062,526953,588185,635688,519744,558399,529926,553645,549764,553150,539202,540189,630219,612182,593815,518733,526150,537399,538890,527325,553684,556256,572995,518851,520532,530104,519238,522743,536189,519810
ii	60	2	3	670176,584587,594319,537196,627649,637614,525669,563537,528586,527269,536511,523467,556899,518321,516558,553818,523993,526820,520321,531624,533153,530365,526726,527511,552826,526561,538631,523130,526095,541932,534224,584793,534447,535497,533815,518958,521771,534137,547598,542858,520085,520015,532572,530351,532608,541361,531395,522145,514507
ii	60	2	4	667962,626727,636105,654331,547265,569296,531621,519425,526946,540437,534852,525421,542469,547886,544568,558941,526982,542533,529100,531698,532644,520140,523173,619250,532050,579126,577167,548668,555019,529842,525617,532345,538437,553478,534864,551019,523256,522432,529645,539430,523048,533556,532304,528181,528373,519883,527185,551983,532828,542486
ii	60	2	5	594582,732768,696026,518393,581191,585726,530310,519864,557517,524977,527168,520010,535202,522218,540873,519686,525934,547441,527749,558087,531095,528386,538910,543723,524480,534914,522671,535537,542280,516985,531910,552113,527635,523526,520083,523480,519379,527835,550526,533293,541503,532486,551424,572466,529873,531887,521792,519732,525605,522998,527205,528657,518190
ii	60	2	6	756636,735097,691522,533572,535846,524567,553971,527149,642787,605029,554929,536387,530202,523416,543884,518119,528982,534472,573262,523601,539702,521521,519165,527946,525277,526286,523006,515979,559225,536691,525438,518173,531330,530616,529315,527032,527206,522055,523360,529572,525255,536102,534199,525445,519799,516919,531074,520384,527300,544875
ii	60	2	7	698981,694152,541460,573719,532129,539100,607497,655885,567514,597147,540522,528053,548927,532057,525033,546628,550784,531876,547779,541541,527172,515683,538448,523798,526554,552721,530413,519661,532687,524221,535572,532911,537828,522394,522030,526679,526896,537633,529711,520760,530558,519901,532274,533630,519171,558079,577065,535891,527302
ii	60	2	8	675967,666656,529813,559884,542080,528415,521971,588221,515513,543895,543685,522499,532223,546819,523378,571351,542845,528115,528522,527992,544578,527497,535696,519447,524835,524228,529428,520973,537959,522799,526691,537965,524880,534197,523776,527230,531244,540359,525896,530891,557447,520522,539775,519639,515373,518168,623591,577199
ii	60	2	9	616091,726540,742980,700094,532452,531082,522506,524915,542590,520005,531613,525834,526835,526973,519054,531878,515342,549088,537486,524830,596309,530291,535013,524345,520323,527538,520010,526694,521313,528772,537645,528190,521825,527474,533094,559451,518365,545748,518670,543920,536742,523712,602985,563662,531709,518809,531493,539432
ii	90	2	0	550753,583400,548843,611497,558539,538735,537152,518717,518364,527012,521049,518621,524236,531758,521103,540032,555990,527523,529833,562747,518692,534446,524808,515478,526932,530722,535657,530352,543831,552966,516717,526457,520102,535798,526065,539200,524867,523406,543118,553679,535807,536312,527131,524131,523986,527129,532126,532531,560162,528660,532999,559069,522784,519948,518174,523325
ii	90	2	1	632233,651100,667596,679320,615258,566887,583163,589692,519684,520652,520527,549069,534259,543312,540592,524399,528203,577162,533091,524709,549111,530936,514577,534050,517360,542026,528427,537548,523827,539622,546512,540100,537402,545453,527681,543158,528943,522906,539749,531506,536614,570282,552149,548362,536483,525922,525482,530314,520531,532816,520065,517694,516123,519192
ii	90	2	2	870364,531442,528291,578885,529899,524667,522638,545487,536770,523475,598955,606812,578336,521014,521307,526403,522981,531388,520325,526462,566311,579271,540110,541696,566937,530682,571229,537232,530196,576036,562869,527241,520410,544803,519336,522785,565896,565345,582941,550745,527676,573167,563317,577187,543612,527201,525558,521884,517675,519319,524229,519996,538719,552276
ii	90	2	3	725089,754166,729640,519826,547620,543925,537991,590636,617524,527482,532865,527367,550348,524662,546389,536748,539149,530252,533903,534719,538175,539768,519060,545347,533879,519717,530906,536033,540108,532506,538903,523559,527018,524482,533877,520778,556391,524331,530628,551375,570890,543813,521899,551564,566866,519797,522556,526166,519825,518891,523263,523424,532097,521228
ii	90	2	4	715789,704050,695407,720227,694742,548208,561935,522414,520194,520572,520664,519935,523777,523900,518508,541002,554611,523021,532265,559139,569209,539835,533887,529238,536228,540827,524001,533538,537314,533548,536739,541412,597619,544341,529453,559487,539289,524649,535478,525713,524996,519345,527708,522379,519376,520388,528420,597675,580921,607975,527373,518620
ii	90	2	5	629504,636337,571450,528008,518786,541169,520045,518713,535633,525454,523699,522414,538645,522634,520041,528779,544621,544605,529154,540116,527589,531303,533039,525507,559665,595738,626929,590005,614550,520875,555274,528931,523661,521400,523252,527944,519208,523620,529908,522837,523652,526415,522327,543335,523775,534968,523484,518834,535801
ii	90	2	6	684464,749470,625792,707654,551290,571341,580061,526617,547331,531624,524715,518439,569223,541841,539961,518282,530321,520656,530040,530370,518936,537401,524001,519051,534668,529794,519554,530391,553928,537226,561158,527658,534710,532968,526020,523421,537975,518473,515410,541458,540463,529044,528640,522776,523758,528232,536920,524328,521711,534953,531366,520916
ii	90	2	7	643278,567519,523515,531326,534952,540615,552208,536178,517976,528663,536648,536843,555312,526081,525470,519754,614399,548283,520323,530226,540020,523124,523281,522884,520718,528975,531393,519694,569688,516610,524193,532611,515090,533746,519161,528400,553706,519537,535015,548325,523071,519845,523588,579604,573130,553275,527668,523246
ii	90	2	8	596785,613938,567583,571566,546677,545468,552028,522848,527678,523804,527420,536145,542588,521753,577581,579353,524603,525317,537647,536446,540238,537463,545809,521943,562490,605072,523475,536317,524983,559843,547888,526497,553792,524075,537192,541185,534374,520594,540406,533577,526129,530749,529862,540679,525224,554611,547101,526864,526609,548666,603959,564522,535354,562736,595165,522905
ii	90	2	9	592651,587515,596017,627452,637971,640201,580998,582835,531880,519465,540038,519651,519902,522662,542625,534463,526760,540933,524252,548182,518898,535328,538869,525503,519279,616101,518886,520980,566448,526676,519906,547010,537853,527797,528011,514606,532415,531928,524201,518625,527569,526250,523178,530510,522974,523132,527369,555158,557937,557089
ii	120	2	0	778135,618747,604143,854187,857290,548874,525525,548589,533857,518783,515548,536978,518919,524941,527195,520105,524150,532240,537530,523719,520203,531100,520969,538153,544433,547288,520042,534250,521105,522317,528873,530983,520959,525457,536891,528195,529393,530716,523288,533809,545573,518698,524725,631970,527813,524309,527019
ii	120	2	1	693517,675622,702187,527652,522385,527941,537171,527687,532389,540218,533361,523301,519927,540541,531758,519770,522289,540384,540341,538673,520861,527108,526722,526800,530111,560116,518672,522344,541050,543741,535482,520183,539580,539662,525704,522130,534426,567849,526970,557950,522589,547841,521366,522193,544480,528100,531311,516558,521573,519549,533410,524923,523181
ii	120	2	2	637707,657195,667125,616986,661833,641532,692153,784572,620007,627358,574823,583187,522769,519259,540225,532179,536788,531679,548763,540014,529934,546392,575482,573520,524161,542974,528132,525816,545925,518127,546221,528606,518588,532850,528566,523163,526871,522251,531776,539443,574636,523635,523198,558365,523598
ii	120	2	3	671538,591456,534621,539948,574655,543063,521885,527711,547896,591734,554057,545421,523428,553398,539955,547851,557512,539836,539531,595656,533684,580318,590402,609443,526263,537268,535920,553685,526868,523607,523037,527623,522245,524610,549896,560255,519715,534685,544469,523606,536594,530483,536736,534263,518115,522830,521569,539548,541012,537659,523741,520290,624190,599984,554490,519271,519479,516256
ii	120	2	4	692029,730800,722840,713029,662452,631368,656804,646254,636220,653892,545374,541632,527668,535879,522986,536761,526792,529327,525980,524044,520081,523938,523095,524077,541289,523625,526137,521646,527643,536172,530766,532543,534709,531047,545214,528783,525036,531673,533131,536885,531592,529127,523751,527821,547032,543086,546479,532647,531167,532244,540744,528524,526078,534754,523210,545050,532353,542695,540606,530500
ii	120	2	5	583757,600547,627296,536441,518701,515312,540633,526422,537742,543778,548229,536614,538899,525942,541909,547065,557267,523724,570609,521016,535817,528059,525979,533080,538848,530945,537232,527955,527575,528837,518526,535346,527156,528358,547988,576555,578292,599300,545285,518933,520751,547935,537554,546666,536261,549591,558767,536743,523128,533839,526998,523124,518503,543223,529966,519268,523375,520124
ii	120	2	6	675677,707890,725675,667442,705840,635294,637196,525503,544090,571527,522918,525443,518388,524590,522706,536953,527112,538038,529567,541599,540401,532794,551032,528919,535038,531701,521817,552044,530527,528989,543756,551724,534017,530730,538148,529323,519783,538842,523388,527926,526126,526089,531445,534232,557498,559435,608649,523948,534433,535842,519920,522898,577729
ii	120	2	7	610602,519175,590288,556726,539210,548418,539098,539216,549423,535195,518843,520397,532967,525134,525409,523378,543920,548166,521997,539172,541401,534909,525143,532927,551784,528167,529628,557547,539741,535458,535268,522750,598913,527670,514977,526872,522030,537900,538775,535434,525216,534185,524918,547056,523504,530967,540234,521292,519476,544784,522550,522709
ii	120	2	8	620760,629824,641109,529418,528518,624316,692014,718985,752986,604557,531255,526159,526919,522372,522309,523705,523256,523933,543460,526465,541493,534309,654945,547891,535487,528294,548260,538133,523124,529901,522354,541688,519216,518662,519730,529451,532080,547959,557075,544665,526674,539191,517688,519231,519598,526274,519562,560494,569022,639981,520896
ii	120	2	9	550816,584243,548389,535786,520659,547252,547862,529424,539331,519761,527369,526985,531025,523620,527159,519732,516191,530013,538953,522087,534439,526226,551962,554975,530563,529895,523054,555667,552268,584040,527801,580177,595998,526558,518516,552768,520402,527646,556505,532780,523302,521681,518943,529279,522950,531045,520207,561499,519040,594177,529877,551596
ii	30	4	0	616648,615254,648561,601691,575898,527689,536299,530471,531453,534325,525080,555226,527110,534668,558535,525837,532665,518273,523156,524613,520936,537717,520631,523185,562943,521019,528068,523629,522872,535760,543395,531236,524056,534898,523022,518358,576804,522817,521673,528943,522334,540753,523828,529038,540680,545179,527089,527832,531956,528090,524369,524008,523946,543081,528603,537910,525414
ii	30	4	1	865763,886761,829372,571758,543955,518952,524429,552224,543985,523731,524059,538381,549749,521404,548732,522023,525464,563518,519249,527070,540202,573115,557338,555825,541063,542841,541166,538167,538497,549876,535819,528551,542773,552694,568220,533868,537267,521240,557186,526176,525164,535507,538099,538707,540579,538574,553388,548647,553513,566188,536133,523728,553721,551755,526804
ii	30	4	2	647579,693138,687261,535332,529926,514940,517344,531983,541992,551588,539502,517713,549199,523598,521531,522024,532106,523114,542375,552655,613462,615410,553143,557663,518548,549922,545970,545628,538384,541081,538983,526918,518441,531232,534114,542261,526451,533989,521844,537252,549118,537802,545134,517923,526784,556739,525754,528325,530895,520248,517607
ii	30	4	3	635430,687405,695615,659028,757778,690854,654002,750975,603513,647998,637814,553954,553726,575902,562661,518717,519866,527266,526968,520131,546159,547519,535281,533393,531858,523021,535904,523661,528985,535144,545546,529251,529203,524637,527353,589004,533385,533816,540031,518013,533714,535622,541814,543558,592519,517908,531939,532514,535797,543605,527837,544968
ii	30	4	4	853607,849672,822225,529528,524902,527090,525400,597038,572155,559041,645020,652469,527616,526976,529080,535397,530623,539060,553324,561386,584188,530888,526257,523750,519445,522933,542370,529591,535099,542437,521604,537141,522439,524008,531913,543306,543806,548910,539268,542575,541027,531647,550860,539513,552123,534399,528330,519596,582327,523919,523326,524933,520069,520636,515812
ii	30	4	5	657085,669704,650726,583570,604957,612951,530551,581251,610677,603797,534066,522629,518047,522105,538437,558603,554211,541560,583617,593058,554723,527343,527558,523102,530764,521777,524257,526152,530652,543997,531665,518973,537069,538084,527473,518050,538245,538781,596195,520563,536268,538400,519937,534073,522464,527188,552487,535960,522452,602973,520571,527778,660147,546042,587039,522617
ii	30	4	6	627073,622564,628868,604674,529359,547357,572601,555089,527901,529003,553957,547058,535165,518974,552675,561050,529914,545280,586591,527135,587719,600810,522602,528512,546669,536006,527061,580761,609755,643317,628958,565467,584626,559545,535140,543090,544740,587010,594870,593347,578073,603436,531873,519038,531426,531811,576220,577143,542252,515593,518638,546027,522384,531219,520381,527909,526247,526393,530892,533080
ii	30	4	7	769930,732140,522205,528794,607325,610003,543169,600982,599581,554663,593184,607488,619400,589856,526578,556898,526048,536387,523574,541832,522558,608182,542023,529327,534341,516124,543498,523238,528825,520072,530263,554848,584267,574902,576040,627613,644415,556701,586342,524731,543195,535845,520245,523718,524074,531052,520119,521985
ii	30	4	8	651928,652050,636796,526478,546283,569690,534330,524847,541881,528547,530027,535924,536539,535255,617413,655035,539613,519678,526527,552959,519432,556657,528783,523133,521182,544815,522964,522553,528128,553022,538585,542804,552901,546725,527246,575289,580438,530393,518645,523010,523687,545029,537481,520751,524572,541907,542634,544097,561807,548407,553030,541155,521054,522753,524393,520860,530096,520149
ii	30	4	9	781942,783526,655636,875877,608301,543955,546721,526997,523623,538860,553296,572400,531285,543595,557283,524266,528490,527976,545757,540201,528793,521087,544433,520638,516320,532511,520405,534360,527001,528405,528270,531568,549834,537232,530832,536405,570611,525691,528556,532119,570913,532304,593630,531855,540833,600227,567545,647456,558101,605219,524775,534551,546641,518724,528570,527984,526025
ii	60	4	0	671645,705762,636314,539466,545701,540464,535374,548023,555237,565517,522702,540526,535521,538134,531082,523565,527595,521493,539176,538905,541402,530567,535470,544520,519005,525209,541787,527807,529393,537335,522222,534605,526222,518649,522425,556032,522699,572726,531843,530449,534105,546225,534842,521265,549568,522162,601381,642748,558545,556400,534373,521907,519753
ii	60	4	1	777579,749313,771620,730231,690342,688095,666397,639248,545737,525771,531573,569584,583103,520520,544347,520370,517913,525001,554778,528232,542471,531240,527778,535744,540853,533577,524001,529307,528277,548710,519457,522571,530876,544657,539538,531109,523863,581266,564612,557896,531929,520877,533014,531750,521020,546335,626885,536458,519593,527872,530062,522623,520885,519482,519253
ii	60	4	2	723950,796487,746428,748867,547967,547848,559433,547736,520267,530404,529227,585822,597856,549848,549633,544565,528136,535003,572937,519865,539233,540584,525177,540863,555230,540632,550395,546801,532945,527399,538122,549689,528614,553279,562128,526645,525427,528070,535463,860566,787453,915302,533650,617773,606047,627713,559907,521579,519185,531150,564601,542953,523303,520218,529499,519095,520797
ii	60	4	3	622215,628169,641099,664239,571030,569602,607256,561718,590223,606306,614623,590699,534666,831714,797520,874587,715083,638634,640629,521474,524807,554762,540860,559140,534571,558068,555957,553735,552799,555098,533215,560909,558760,526941,530616,527320,527189,534587,523114,546741,627463,624610,626948,544292,539719,532623,540166,524143,528621,527304,523567,519547,528548,521198,527964
ii	60	4	4	685083,692915,660766,714729,643155,626228,716313,630705,655609,591873,647720,567534,520457,560499,568887,520773,557037,527980,520762,522711,530081,590369,528402,538598,532804,524951,533339,542993,561264,530957,523880,524185,533615,552426,526565,534467,555912,599173,542509,525451,525508,523987,522757,518283,529909,532085,526274,552630,557963,527127,534803,533980,523825
ii	60	4	5	630407,651249,661233,667993,535658,528717,527339,557978,525728,571966,544656,544695,547576,525434,542981,544637,570373,528260,528831,522643,527528,534075,547641,549642,539434,529004,558322,522022,529566,525745,540376,545110,521136,531963,528421,550001,539590,533045,523891,522836,525127,518026,522159,539916,588213,592701,527057,537734,546798,559737,575485,561063,519601,541558
ii	60	4	6	707492,709639,620059,535676,535671,545492,543978,545495,540011,599019,587455,579516,544880,538672,530239,541472,520391,523502,531049,531624,530078,527067,540375,526765,541533,538935,526453,537211,528167,526443,536878,523165,527163,558941,530488,531437,523041,534368,523006,556827,518308,530284,523185,545877,530548,524887,524358,515694,523019
ii	60	4	7	600959,585831,599993,563164,568487,535972,518296,548780,545683,549333,532045,555719,562009,526067,523984,523545,523420,546560,582425,610333,522767,551149,540210,549143,530914,523419,607830,609033,524180,520450,556303,525795,566927,583363,591740,532964,598408,607468,637285,524203,553331,586710,532192,616474,521966,543994,522819,519978,638325,548615,530685,527440,519939,524258
ii	60	4	8	654983,747939,674831,755632,544149,599969,527890,539765,537417,546264,544595,536685,526922,530386,536950,587049,608286,544287,539177,531718,547510,531426,527198,522501,533360,531477,549069,533945,522814,562497,548414,604476,543850,528386,533107,525926,569866,531727,560902,536871,549777,540178,561252,541382,525200,535743,531673,537972,549222,527411,553133,528862,519594,519825,535357,524381,523225
ii	60	4	9	770791,750391,611546,612307,576166,540135,526857,522214,522508,576211,555754,542220,552965,526613,591585,540036,523448,529339,539077,524461,528760,530229,537353,541102,534820,521997,524235,542227,539427,535283,544937,535926,532514,515435,527121,518886,544523,528288,552571,565965,526622,548259,540568,529497,531395,519607,534501,523613,522488,519857,522775,519138
ii	90	4	0	639709,670908,675502,647676,622328,736529,598687,680623,827997,605396,612700,668756,567837,582524,591461,536038,523917,601277,601624,527155,635191,636142,546494,526728,523437,537618,538024,525515,554081,525562,525525,527986,531090,557782,548267,544365,572938,520591,573988,559271,527514,546457,523142,523335,524487,521063,546815,533118,522371,524373,518679,533439,519064
ii	90	4	1	710275,675213,528400,519404,518033,527733,543110,547588,518481,550136,543380,564798,557570,527826,581517,585081,557337,522022,522726,574383,518560,536000,520962,638504,596670,614151,589800,563864,538968,553964,536505,528798,536728,523520,529105,549292,540638,560345,564711,527958,522655,524532,524662,538188,562936,526269,535231,539591
ii	90	4	2	656472,518802,563763,529391,564557,580079,549786,522942,527734,532170,547813,534142,579662,531194,554826,542322,575828,606617,542688,523776,523423,522034,533158,533321,536945,542317,546198,538654,576697,601673,616473,525020,527973,521957,524685,536442,530285,568937,524775,576356,519478,523270,529160,571577,524046,529819,535266,544514,538517,542348
ii	90	4	3	550101,566346,568990,527725,540058,528048,547069,539651,545198,526561,583985,533102,523811,534472,518126,564172,559917,550514,526572,581144,558747,525893,541686,558991,544586,528485,536844,539663,550426,528026,538626,538985,536799,537863,522917,551224,525225,521558,558052,545631,524078,519141,523356,532233,544077,535908,560558,610905,522479,527144,546619,540200,520135,555845,572992,523437,522442
ii	90	4	4	643972,678276,667020,659370,622608,676318,674086,725163,674828,580925,564889,565992,565559,531968,532299,548267,520287,520365,522543,526844,530788,524684,534444,543033,526981,590987,607223,519654,540931,542002,523826,542401,528525,524333,526735,539770,529283,528250,531400,584028,561275,531909,515191,582432,576463,522238,518633,524008,543642,527208
ii	90	4	5	704793,739038,651674,577797,522024,547165,571160,625555,592377,535555,546028,528674,548987,548142,549900,529050,539089,523536,518388,515095,532543,592637,521813,524300,520074,516318,522798,520655,781906,574780,821336,530133,582262,579694,562314,528028,618205,644455,639710,534618,657363,566204,546467,528287,519808,527210,523391,523408
ii	90	4	6	679443,715096,666678,537917,543344,529217,522048,555365,583884,532555,536568,530039,543088,518717,638895,566593,544462,523133,600900,556544,578805,564018,522396,549341,540141,549622,536085,526651,525292,531730,523325,539529,535272,523434,526380,539875,532448,551478,543360,529807,568187,574189,587528,533880,527720,557855,550822,524596,576373,537280,538601,530320,520201,522944,538829,518385
ii	90	4	7	706345,687426,716202,580863,561603,550191,541614,545866,549363,579194,619226,532681,571363,647133,654389,594300,527118,529766,522498,523452,539468,543788,538680,518235,548928,535031,537410,541716,535064,567417,528634,528052,535934,555142,529264,572318,532026,539536,524747,529898,535607,541030,538694,524535,526182,579169,548838,528776,559399,561486,568418,527002,516302,573607,519151
ii	90	4	8	813900,816531,687188,541520,517814,530625,528080,526193,550130,533462,524387,529357,539891,533094,527146,542273,523863,539415,519566,523596,525179,536540,521402,534797,536220,520231,535292,538832,534651,521746,518319,544051,554354,538652,543083,543484,524445,549917,528276,529313,560188,546220,550901,522857,538141,564288,576033,540131,529846,543701,522474,528469,528205,519812,543914,533305
ii	90	4	9	729077,765274,746130,545813,553771,544168,528712,547591,531975,545068,546722,551268,563898,545775,526548,525155,537384,540380,552124,550311,536494,538538,525058,534967,530222,526755,519025,533572,550587,530700,535474,562736,526718,523987,587392,538008,518016,549322,543708,518269,548584,546577,546694,524534,567325,588939,523719,523178,547421,521288,535037,534748,520247,527835,540026
ii	120	4	0	757014,733726,708488,733171,724644,604425,598990,539674,522480,536999,532248,526464,536843,523460,523044,550011,579869,584142,518438,519726,545848,519848,526970,518583,523291,548435,539068,538137,527669,524097,555362,528264,541223,527468,557489,568630,542442,523017,538793,531140,527220,521943,528473,533155,523890,536640,535798,524353,521326,515205,532339,551218,526466,528322,540825,559673,600341,607436,575046,523520
ii	120	4	1	684408,700942,544882,558013,550820,554243,533609,519389,550953,536625,546400,531282,542465,538532,544143,547811,539734,528310,555449,617718,533716,524154,585934,548558,587235,567847,577809,565470,534947,525501,543575,530513,549432,526347,526549,569739,609340,598878,554278,563522,533989,534073,526715,547860,561043,531301,523028,530209,544688,554904,536177,542600,538648,559421,567831,527468,528022,541555
ii	120	4	2	618665,646533,657317,680412,626250,564548,619693,606941,528676,559363,532301,544264,547473,527361,524044,536563,523240,548073,525925,524304,539600,557822,546822,535186,537783,524373,576080,572086,556289,536257,519350,541461,555623,568594,545047,534484,531739,558967,558754,525466,549135,570188,562017,522543,623852,665376,693536,636662,643305,587964,539731,543069,542751,523284,566148,577763,582649,530013
ii	120	4	3	620542,624067,640590,638744,555556,558640,523521,527615,526430,534802,524122,524337,531822,522395,520945,526543,536992,556462,533215,516102,534190,517953,525147,523284,519236,559758,524132,551580,545862,527491,541507,530312,519684,530498,543022,532156,526115,543837,540494,534565,524380,525024,528414,522928,524417,527944,542211,577821,528216,534748,535502,524460,524437,545464
ii	120	4	4	833467,760655,526274,554769,640923,524555,522745,532490,531076,557768,519108,589817,592794,589032,522693,523481,523063,531349,523787,524011,523595,525862,528215,523968,518089,520811,527674,543160,551545,527656,627838,535253,531150,564873,563020,554090,518057,564020,520594,542455,526993,524877,525478,543065,522906,523355,592684,550026,514886,526124,559823,519471
ii	120	4	5	753101,732429,712085,739471,827920,657563,661311,644459,633792,630194,552856,520657,563520,542012,531366,536242,590843,538164,536106,559458,592389,527132,539844,552344,540344,536955,565824,530630,536193,524948,538897,541071,554824,581779,614967,521714,531536,553837,535103,527667,520329,522858,531299,521329,532258,522780,554663,598043,523249,534211,518393,518255,527777,528393,523034
ii	120	4	6	704454,715674,519036,543429,548626,551707,554314,523675,556781,543384,519752,587421,551106,541415,538630,526458,539680,562549,526194,541062,565232,523586,527745,556937,526672,534556,540045,552777,565088,533471,539713,520308,532868,525639,520447,529815,529502,529867,614288,690454,634542,530562,539208,568967,568331,590030,523496,532281,520486,545426,586135,542142,537158,514777,515985,528588
ii	120	4	7	600184,652595,643927,616964,560180,558771,527071,522934,532988,533588,534904,543124,527926,532704,532866,557226,555773,604734,569762,539036,531527,535675,564840,552467,534459,534893,528239,546638,527889,552587,542432,563671,530015,571754,522238,524561,526915,564203,559329,523796,541149,535621,517378,527763,527316,619663,630009,536819,523781,561804,564364,541114,540540,538305,518496,521682,563352,527228
ii	120	4	8	632625,702991,653113,716480,619538,607603,527962,538867,526808,556233,529892,547175,519903,529543,539552,527002,556478,531504,542954,522807,522799,523947,522033,537611,532866,523751,544721,525005,521168,557065,535892,529145,537099,526964,529445,587300,533021,533727,531015,569279,542792,532226,524492,524970,518651,526848,517526,530001,526373,561929
ii	120	4	9	784169,788575,819979,762386,680299,709034,679079,712238,565879,547619,529209,523772,520584,539228,516008,563661,559341,587121,571048,570268,524999,521868,586667,556444,547571,527313,544768,547181,535719,521108,632045,646004,603134,533512,528085,544188,529414,534904,526970,553161,544729,544877,585829,546498,525211,522198,524194,543907,589266,554404,538507,563537,550811
ii	200	1	0	579902,532918,529857,537343,553911,530528,526734,524814,525532,526614,545891,542861,539071,525070,565841,549777,526540,524258,519564,519357,537595,519969,523909,520778,577333,527947,518919,549670,523123,519836,536220,541012,537856,514752,536751,529249,535255,536296,537778,520748,540366,548963,531105,519668,523633,520224,538616,519167,522994,519257
ii	200	1	1	714590,741476,668374,751603,630760,635011,541986,546967,546575,538169,518994,629266,536314,564441,533693,535636,548320,540416,539355,529340,606883,588046,578552,567807,585250,526111,533446,523177,522521,527686,534035,528691,518739,526395,519268,533889,531101,530930,532062,525608,521170,519273,526497,523385,543427,528866,524117
ii	200	1	2	623788,679666,632208,519641,519987,539092,539094,556058,532795,538579,538542,566645,574427,526040,537303,519156,527117,548034,528425,523659,527832,530559,522402,522413,537869,530828,552587,527898,548328,523965,520558,519738,523854,529823,532527,537270,523809,518363,535733,537632,522244,528118,529920,514774,520678,520806,519549
ii	200	1	3	620737,595247,609301,555974,534391,541708,564942,528438,527852,522660,551955,549164,532119,541493,524952,526069,541695,534816,531550,523480,518503,526041,548382,520994,522320,526102,534134,528732,543817,550873,526286,519013,535062,531647,527040,526346,535946,525814,528714,540338,619961,543923,529005,544225,536270,524625,524769,514295,513974,520809,522588,559138
ii	200	1	4	591825,597396,636274,542601,608450,617319,545301,588119,540081,524133,523876,550438,555107,538298,542101,563889,542131,537771,522879,563403,545511,523476,533786,527737,523065,539200,529412,532345,522948,531006,519734,527295,532668,526482,537486,529867,545334,537926,527948,520996,550759,535626,526662,517785,535059,520618,519339,535495,523556,520886,551566,522068
ii	200	1	5	738966,732474,784062,566975,527230,618606,618051,613632,546044,594946,570607,568459,578727,584765,538132,611559,578475,599643,529643,542118,521862,676271,532358,532817,535005,525603,660223,588908,593865,534400,941883,916645,881788,529296,519383,519062,548906,526788,519604,520599,526880,536721,529479,523172,542665,543069,621092,527625,633574
ii	200	1	6	692263,679924,651559,615253,579350,557787,571640,530175,523622,550633,526552,528549,519531,519544,519316,519883,523514,524523,543277,559258,556785,520583,549896,523203,519657,518623,539298,534462,550148,531341,521179,534241,526843,524521,518289,521513,519254,532027,524641,550375,527293,518742,574793,519729,519643,530296,524969,559217,524067,522618
ii	200	1	7	711562,714983,748106,666732,612365,589574,587701,601313,613777,609925,578878,576878,601243,583175,592551,535826,521784,523012,535613,540243,519551,535570,523025,517994,526222,553658,530227,523846,523985,531418,524551,519546,564295,522610,558920,520700,525207,524951,541160,521032,557515,542397,538306,558537,523151,518533,523871,523795,545716,522402,524237,520370,522460
ii	200	1	8	715232,697106,660074,536149,523597,543580,546072,544846,576008,523652,523258,588108,572117,543356,517990,524802,535807,541591,525032,558811,529439,543977,520224,523837,541113,544637,522438,535729,527521,532042,524317,534946,536236,523685,539346,532013,543931,528902,566259,561608,558018,540673,537614,528673,528492,532812,537548,530683,523729,531167,520554,531067,524094,518680,536582,538622,561747,523780
ii	200	1	9	697701,734066,745361,568416,527249,532519,522411,520781,546995,523251,531342,540262,550600,526894,538877,530348,541525,526253,533657,523100,560226,531289,556255,521540,534300,524321,547613,541260,516712,538960,526296,530224,538945,586403,527411,536537,522877,531412,520940,530265,522021,525838,530439
ii	100	2	0	625241,629895,632422,523425,531879,521300,519917,524857,527245,559237,531275,523740,536963,523021,542987,547295,526503,527853,527677,531055,565286,531594,526457,570000,518238,542496,522897,525422,561728,534386,540357,540862,543732,531463,554363,523322,520853,526401,519645,540683,531258,533300,533901,533609,523687,568920,538103,592516,594460,532653,529164,524312,523945,534860,535664,523601
ii	100	2	1	738576,769827,751789,540578,526785,530677,532017,517512,535331,518871,531747,543644,551255,523947,520930,533968,515935,532014,531817,519636,533405,582058,526717,519259,528945,534545,523127,545512,523350,560817,521069,547805,521770,523607,527313,519222,547177,535389,531654,518773,539467,538653,568222,522359,548673,549037,576003,522451,523711,518209,521208,520353,534103,531689,522943,528965,519667,527582
ii	100	2	2	618586,644492,528182,527711,582327,606497,620557,530542,548701,528262,529779,537816,549003,552039,543581,529745,519148,537226,515195,533251,529970,528928,537392,537454,542678,575550,538212,554781,521729,544433,526498,541827,532476,529015,574249,581496,528698,528374,663017,647704,656836,607145,623093,527785,521182,523873,564053,590954,516846,524091,522870,528757,531122,518930
ii	100	2	3	703355,709115,626841,561132,553236,529937,545153,527985,523587,570013,520689,536421,537930,554633,533986,517129,553124,526523,521851,536395,539140,618478,610526,533523,525275,527468,515464,527400,540512,525097,516301,530041,539984,533286,543873,549983,525293,523994,523413,518720,528781,525824,533324,560744,523995,540650,521388,528393,531657,525110,522070,523495,518977,517864,517202,541628
ii	100	2	4	682321,696177,684039,694797,726127,647648,682513,648396,523863,529185,546601,555295,539026,528309,529565,517804,534717,552396,519154,523532,519204,538415,520164,523938,523028,527279,527612,525487,542884,521775,531427,519609,522357,535588,518274,529362,518146,521726,520205,536565,522021,543368,541527,569582,527545,548330,563550,555292,581326,522895,539049,535728
ii	100	2	5	646254,623024,618821,532578,547683,546470,532052,540266,570415,518562,523630,535893,527959,526611,527918,523358,519476,519375,515926,519362,560924,536214,543536,528725,541451,529290,527072,520013,525856,519826,523419,534256,537779,532432,555645,545112,541831,530660,527596,539413,523350,593719,524829,588814,528258,531263,536973,540794,522604,537064,522669,528609
ii	100	2	6	693547,708333,640072,615808,536246,534373,561832,537970,691258,644677,660500,587846,705555,595694,547213,578162,519585,535879,559937,542123,548176,540487,535843,542853,545314,534903,537948,526392,542774,553620,538184,528342,526917,527158,566375,526789,524565,534571,527681,532096,524872,530351,524432,531077,563939,543041,531349,587148,557627,522612,527233,542116,519585,520091
ii	100	2	7	753061,719202,728502,688269,752107,723120,708476,669370,782195,577161,628863,649764,667665,674650,523705,536996,528040,553773,538294,523097,569365,520001,518917,526468,526772,529985,519758,543157,517988,523778,519747,524353,525764,532659,520018,518892,524529,553401,519908,534393,519627,523417,524459,537604,536159,540655,523825,523575
ii	100	2	8	593158,614149,571971,556228,527716,519332,533080,523861,519806,530301,525329,562215,541780,526403,524523,533997,601372,632336,527321,548996,527624,581870,607186,637979,536638,519420,520019,527162,537954,526557,520943,525698,528606,540717,531600,529796,524632,556663,556529,526469,524608,530851,534576,537744,538792,530730,560884,546029,542687,528766,541095,571082,527442,541301,518745,523006,520037,530818
ii	100	2	9	712677,672972,724400,756152,535137,555170,524693,547689,531068,574379,533079,527065,533699,550758,552373,527277,533411,531590,570421,581185,518883,546868,535451,528486,522532,531664,543571,525127,543605,537977,527005,527142,562194,568212,599942,534435,526469,524051,524167,535081,550610,520750,532200,529277,531237,522233,519984,533703,538248,536909,533055,526521,516868,535795,523911,519359,539824
ii	67	3	0	546006,552348,539782,532394,544056,520412,526779,530938,556074,548516,525779,546215,529550,536366,546799,555813,535212,521643,548010,525930,533094,526921,524235,522182,557618,531696,552976,562658,592308,542650,536989,539928,529844,549477,532126,557756,527709,525369,522170,520205,534102,531250,539060,537949,539541,525175,521091,527087
ii	67	3	1	749932,817094,839249,575586,572372,523047,593621,620628,518925,526127,531036,519415,576160,552368,524784,532765,564056,544754,602996,588395,541662,519999,519670,519462,529883,518419,522508,514476,547812,521486,527662,535675,521516,524157,521861,532722,543629,571921,523381,535001,538446,554082,515225,639720,529472,520065,524035,517846
ii	67	3	2	668191,683839,677031,677343,631295,626775,638009,629836,654971,616069,542195,528414,529045,526416,523778,637105,621616,570032,546350,533932,543311,531135,521059,639698,559473,573737,559734,538982,560133,564622,599985,520423,548727,591848,577300,543260,529307,521966,528906,519640,533732,556568,594201,577320,524831,547927,576710,594233,590962,557234,523047,604890,575172,525488,531351,538843,522841,520472,524488,523528,519403
ii	67	3	3	649503,655064,549759,523295,518854,524793,527599,525991,525514,539744,522772,587011,531882,527378,523720,542712,548359,523892,534816,523079,522913,519984,520131,520083,527301,535401,565118,535880,532582,566318,554622,514794,568495,574366,576707,527129,614694,530905,537892,535123,532683,530405,526119,523678,544674,527647,520913,524150,543208,524276,535307
ii	67	3	4	679724,686848,664556,566693,567454,598509,594008,522796,643816,612239,617476,587362,518951,534241,553541,519399,599379,575071,526305,563401,565976,545067,518048,533488,534482,537810,529328,523318,542768,526302,535911,528147,531288,527837,527365,540602,525084,558626,539334,544226,524792,520006,526164,520110,542012,885075,772093,522700,543623,520971,548233,552030,523224,526437
ii	67	3	5	637755,656586,635922,593463,573381,537852,530667,535965,543929,525569,519517,524844,546006,539567,526648,543516,565330,530842,519850,551207,524190,526448,528099,527340,541688,526439,519660,522677,522774,546769,523878,528714,529951,523264,534895,527818,526886,534838,549377,546668,577353,519768,543167,544929,526755,527708,522554,527537,519974,523122,525403,523602,519570,527190
ii	67	3	6	681981,713255,658876,768359,679915,681806,650715,561342,576180,595556,519912,535100,532749,560204,526459,548078,550403,527330,530954,527715,561486,532503,523475,547092,547379,567984,579288,529231,560076,559489,556183,581954,536303,542180,544758,530393,528737,523568,530350,567878,639157,543567,530491,572191,560696,530497,543822,522294,530955,535948,530871,528967,538455,523955
ii	67	3	7	547209,667417,663429,688573,527068,566634,568808,531533,538608,521253,517206,530834,526409,526003,522123,531552,580908,587197,578064,543047,612693,530391,723477,626148,605165,596635,531749,570877,565327,520022,524131,536213,526032,526385,526297,573728,557530,526505,673196,595912,532774,548600,544943,554830,563353,524043,519696,533004,559138,522690,527371
ii	67	3	8	569659,577166,519103,525113,526973,537415,554688,558351,537947,525758,525541,537719,532436,564458,546535,527958,570345,539719,579622,517948,526960,563825,546389,608454,539178,551001,551937,584558,523253,535064,597130,534708,529297,545963,592517,533610,599618,521819,520920,535343,541927,522855,525789,756118,783946,711347,591281,566896,535015,538337,523414,548558,519151
ii	67	3	9	698136,748968,755003,727724,591218,605456,553425,553313,532103,549488,530869,527069,518345,523657,532594,519970,527281,525100,566679,515378,523727,572754,531805,551957,526299,524116,519499,520553,559432,532819,534829,518587,523104,526699,518523,527525,526296,524109,531635,541837,532334,558253,534312,535651,565220,522907,534422,525366,556088,579788,541960,522941
ii	50	4	0	561297,583601,526437,548146,565406,545934,548140,544244,518629,546171,545389,532064,549746,527800,524078,533541,550975,549122,529233,526538,545103,535916,522313,528050,555003,522870,551166,521862,524046,537332,524667,522273,522797,523527,557299,516973,543679,523548,519544,522424,520351,522511,531135,560241,523058,731854,530705,530652,536571,526313,528236,521945,531012,529672,627669,570792
ii	50	4	1	848069,859236,873957,835389,647775,635841,603886,676821,738963,795537,778199,541658,567804,546416,532661,588682,547755,579269,607209,537905,548913,560061,523529,534698,525532,544318,535551,535046,543488,520146,528370,520528,527954,547319,525144,523137,523175,520144,528895,526516,528603,525447,542099,574050,523444,526879,523383,515742,526579,531021,555243,545999,519960,519840,526522
ii	50	4	2	842710,844923,676865,599074,590907,616839,653181,665249,630228,596606,578193,625185,597959,586940,576236,535206,556559,601520,618989,646068,543360,534764,534716,523349,532088,522312,550031,556931,524482,526314,580695,539937,542927,521914,722335,615036,537145,566949,561855,535390,539344,547348,554317,581366,532037,525859,523822,567427,524438,571122,528403,535653,543142,522720,522336,523331,529190
ii	50	4	3	766156,788263,795577,746867,765862,679404,699727,714643,610341,635993,629981,629474,561665,531464,517875,533820,529384,530021,571363,526979,527767,534675,571719,553585,527659,522332,543917,547154,560610,561110,546227,515124,548190,534797,552393,540997,521763,535720,522706,526853,555085,556188,540349,598143,547793,533249,539536,544244,523178,521756,514833,523257,519615
ii	50	4	4	706505,722521,720028,705848,551847,527000,523290,532942,531478,580624,579285,541859,522478,529548,569405,531551,520540,534612,525507,551772,540098,533988,527732,543062,525223,539604,527776,558103,554000,560767,532411,523909,534398,540660,524141,529131,522778,534104,529604,523685,537437,549552,539166,536829,522723,561501,574183,590901,581913,544186,533933,584216,528850,590025,522596,569846
ii	50	4	5	623424,627679,614239,629794,582706,575965,573366,520965,528551,526975,553269,526908,522966,558272,568114,546001,570363,570883,522645,520085,527903,531672,547254,532281,548370,553490,541158,545262,522633,538551,532908,523544,528362,534026,529990,544244,537707,528988,542682,540673,526264,530834,560218,578437,560502,586891,539027,557000,535103,554778,527863,519515,576833
ii	50	4	6	605111,659441,672013,539552,530356,527633,530537,543279,526133,522558,540913,589968,524250,519990,521981,536573,523240,527695,550445,526356,522508,517278,520694,522551,522225,531370,538269,524188,537063,522328,545173,553242,541219,534922,544491,562186,553357,534650,536232,528889,524324,532898,538407,530520,528515,526842,522344,527626,558295,522850,520662,519756,524048
ii	50	4	7	677247,693024,596719,522398,534104,523544,526656,527984,530874,524401,545425,533686,534531,522960,545851,546962,524648,519500,531291,527535,555373,529436,552486,532177,527787,531214,546057,521545,522749,534861,534494,536881,520699,529899,540884,526514,547145,543374,536890,528275,567165,578023,552018,537110,545735,631731,567196,607492,526272,524866,526940,541865,547622,548317,544269,527977,536956,532265,524352,540283,521702
ii	50	4	8	651172,530901,538480,616835,586095,551585,534721,536236,546027,552680,525385,538200,538941,519920,536823,535826,531626,539162,536353,529842,535946,529532,521475,534992,536002,525541,561176,553806,559365,524428,546840,526834,552050,599064,591314,544684,528589,522405,531900,534854,535870,525438,545215,540294,524070,525991,524426,530526,537223
ii	50	4	9	779229,715551,606317,515122,544095,533224,739800,664151,523378,532993,547876,552588,538341,526503,532498,526955,531606,529214,542327,519740,557809,519182,535319,524236,519597,522142,528629,539945,533161,600687,647323,668884,539814,522227,543276,554329,533615,529873,524274,556902,556084,541609,519196,583637,549796,543725,574913,531255,531426,536325,546631,532730,564014
